<?xml version = '1.0' encoding = 'UTF-8'?>
<Diagram class="oracle.dbtools.crest.swingui.logical.DPVLogical" name="Logical" id="383943B4-9FFE-B8F3-2EB4-17F458B7B222">
<createdBy>cj</createdBy>
<modifiedBy>cj</modifiedBy>
<createdTime>2023-11-09 16:10:48 UTC</createdTime>
<autoRoute>false</autoRoute>
<boxInbox>true</boxInbox>
<showLegend>false</showLegend>
<showLabels>false</showLabels>
<showRelAttributes>false</showRelAttributes>
<gridEnabled>false</gridEnabled>
<showGrid>false</showGrid>
<diagramColor>-1</diagramColor>
<display>false</display>
<notation>1</notation>
<objectViews>
<OView class="oracle.dbtools.crest.swingui.logical.TVEntity" oid="03DD719F-1699-F386-EFD6-9A155049525F" otype="Entity" vid="B0732AE3-A6F7-C1A2-C5D4-EF226C30E025">
<hideElementsInCurrentOnly>false</hideElementsInCurrentOnly>
<bounds x="944" y="530" width="136" height="58"/>
</OView>
<OView class="oracle.dbtools.crest.swingui.logical.TVEntity" oid="1C63DC69-67EE-82F4-0AB5-E3E37BAE1A0C" otype="Entity" vid="D6785ED9-F968-7CDB-3616-653792AC2C13">
<hideElementsInCurrentOnly>false</hideElementsInCurrentOnly>
<bounds x="374" y="128" width="189" height="144"/>
</OView>
<OView class="oracle.dbtools.crest.swingui.logical.TVEntity" oid="2515EDE3-4BED-9078-E374-AA4F15A85603" otype="Entity" vid="6B1D333C-B67B-114C-147D-C8455A33CA88">
<hideElementsInCurrentOnly>false</hideElementsInCurrentOnly>
<bounds x="317" y="377" width="150" height="118"/>
</OView>
<OView class="oracle.dbtools.crest.swingui.logical.TVEntity" oid="28305265-E3CF-773D-ABC3-35487A516792" otype="Entity" vid="2DD9D87E-6ECF-4888-2B8C-9E71966296DB">
<hideElementsInCurrentOnly>false</hideElementsInCurrentOnly>
<bounds x="726" y="312" width="135" height="53"/>
</OView>
<OView class="oracle.dbtools.crest.swingui.logical.TVEntity" oid="2FA125A8-E88A-5FAE-8D72-EDB0828E1EEF" otype="Entity" vid="0E731346-A02A-7B89-451C-531B0121DC12">
<hideElementsInCurrentOnly>false</hideElementsInCurrentOnly>
<bounds x="707" y="525" width="149" height="79"/>
</OView>
<OView class="oracle.dbtools.crest.swingui.logical.TVEntity" oid="4709BE25-45CB-FBD4-9F71-12A5259343D2" otype="Entity" vid="5BE2B01C-8EF6-4828-F590-C61CD8E5AA30">
<hideElementsInCurrentOnly>false</hideElementsInCurrentOnly>
<bounds x="65" y="134" width="204" height="118"/>
</OView>
<OView class="oracle.dbtools.crest.swingui.logical.TVEntity" oid="51B44FA3-46E4-53C1-8901-AC7E5D8D62F1" otype="Entity" vid="A2175F34-D0CE-5843-2C6B-23D07476F522">
<hideElementsInCurrentOnly>false</hideElementsInCurrentOnly>
<bounds x="823" y="134" width="153" height="75"/>
</OView>
<OView class="oracle.dbtools.crest.swingui.logical.TVEntity" oid="64D83D36-8B97-3C9E-3FC0-9FA9AD349B90" otype="Entity" vid="EBBE10F0-EA7A-C776-A5EF-4E9C91B83F68">
<hideElementsInCurrentOnly>false</hideElementsInCurrentOnly>
<bounds x="479" y="522" width="148" height="79"/>
</OView>
<OView class="oracle.dbtools.crest.swingui.logical.TVEntity" oid="6BE357E5-1653-44D5-C367-3A2259614DC6" otype="Entity" vid="04B77068-0340-FD0E-D0CC-9C90BF11559D">
<hideElementsInCurrentOnly>false</hideElementsInCurrentOnly>
<bounds x="712" y="254" width="303" height="123"/>
</OView>
<OView class="oracle.dbtools.crest.swingui.logical.TVEntity" oid="7705DD61-FABA-4865-FFCA-5138F810B64D" otype="Entity" vid="8EF788EC-B1CC-69E9-F4EC-9FDFBEFD02B1">
<hideElementsInCurrentOnly>false</hideElementsInCurrentOnly>
<bounds x="40" y="376" width="156" height="98"/>
</OView>
<OView class="oracle.dbtools.crest.swingui.logical.TVEntity" oid="8092D580-0C07-686B-A975-F20B5A2AF402" otype="Entity" vid="1568032D-4CF4-78E0-DF19-2D3F516502B1">
<hideElementsInCurrentOnly>false</hideElementsInCurrentOnly>
<bounds x="820" y="61" width="154" height="72"/>
</OView>
<OView class="oracle.dbtools.crest.swingui.logical.TVEntity" oid="B35290D9-928B-C6BF-781E-E190A08A3405" otype="Entity" vid="A7DAEAE0-4523-18F3-B3D1-2266AACE9FBA">
<hideElementsInCurrentOnly>false</hideElementsInCurrentOnly>
<bounds x="876" y="299" width="124" height="63"/>
</OView>
<OView class="oracle.dbtools.crest.swingui.logical.TVEntity" oid="BB77EBF3-E14D-12FA-7CA9-C962275521DE" otype="Entity" vid="34D9913B-9DE7-4639-B5A6-AB0C9FD69990">
<hideElementsInCurrentOnly>false</hideElementsInCurrentOnly>
<bounds x="714" y="47" width="295" height="172"/>
</OView>
</objectViews>
<connectors>
<Connector class="oracle.dbtools.crest.swingui.logical.TVRelation" oid="19C8C145-7E43-70F8-6A87-F03BF7F9A422" otype="Relation" vid_source="B0732AE3-A6F7-C1A2-C5D4-EF226C30E025" vid_target="0E731346-A02A-7B89-451C-531B0121DC12">
<hideElementsInCurrentOnly>false</hideElementsInCurrentOnly>
<backgroundColor>-16777216</backgroundColor>
<lineWidth>1</lineWidth>
<points>
<point x="944" y="559"/>
<point x="856" y="559"/>
</points>
</Connector>
<Connector class="oracle.dbtools.crest.swingui.logical.TVRelation" oid="2530F2D5-1422-CFFE-6695-9739C7045122" otype="Relation" vid_source="5BE2B01C-8EF6-4828-F590-C61CD8E5AA30" vid_target="D6785ED9-F968-7CDB-3616-653792AC2C13">
<hideElementsInCurrentOnly>false</hideElementsInCurrentOnly>
<backgroundColor>-16777216</backgroundColor>
<lineWidth>1</lineWidth>
<points>
<point x="269" y="208"/>
<point x="374" y="208"/>
</points>
</Connector>
<Connector class="oracle.dbtools.crest.swingui.logical.TVRelation" oid="68E98B89-82F9-D31E-12B5-6ED139E722D3" otype="Relation" vid_source="D6785ED9-F968-7CDB-3616-653792AC2C13" vid_target="EBBE10F0-EA7A-C776-A5EF-4E9C91B83F68">
<hideElementsInCurrentOnly>false</hideElementsInCurrentOnly>
<backgroundColor>-16777216</backgroundColor>
<lineWidth>1</lineWidth>
<points>
<point x="521" y="272"/>
<point x="521" y="522"/>
</points>
</Connector>
<Connector class="oracle.dbtools.crest.swingui.logical.TVRelation" oid="7D2F7D15-AC01-00C7-9DC4-3C5DD04516E7" otype="Relation" vid_source="D6785ED9-F968-7CDB-3616-653792AC2C13" vid_target="04B77068-0340-FD0E-D0CC-9C90BF11559D">
<hideElementsInCurrentOnly>false</hideElementsInCurrentOnly>
<backgroundColor>-16777216</backgroundColor>
<lineWidth>1</lineWidth>
<points>
<point x="563" y="263"/>
<point x="712" y="263"/>
</points>
</Connector>
<Connector class="oracle.dbtools.crest.swingui.logical.TVRelation" oid="80FEA0A6-A33C-15C2-E9E4-CC4EF50418C3" otype="Relation" vid_source="6B1D333C-B67B-114C-147D-C8455A33CA88" vid_target="8EF788EC-B1CC-69E9-F4EC-9FDFBEFD02B1">
<hideElementsInCurrentOnly>false</hideElementsInCurrentOnly>
<backgroundColor>-16777216</backgroundColor>
<lineWidth>1</lineWidth>
<points>
<point x="317" y="425"/>
<point x="196" y="425"/>
</points>
</Connector>
<Connector class="oracle.dbtools.crest.swingui.logical.TVRelation" oid="8B7A31A7-E05A-7158-5937-26435266D27C" otype="Relation" vid_source="D6785ED9-F968-7CDB-3616-653792AC2C13" vid_target="34D9913B-9DE7-4639-B5A6-AB0C9FD69990">
<hideElementsInCurrentOnly>false</hideElementsInCurrentOnly>
<backgroundColor>-16777216</backgroundColor>
<lineWidth>1</lineWidth>
<points>
<point x="563" y="173"/>
<point x="714" y="173"/>
</points>
</Connector>
<Connector class="oracle.dbtools.crest.swingui.logical.TVInheritanceRelation" oid="902C9452-D489-EB25-C9A6-CD3E880B13A4" otype="Hierarchy relation" vid_source="04B77068-0340-FD0E-D0CC-9C90BF11559D" vid_target="A7DAEAE0-4523-18F3-B3D1-2266AACE9FBA">
<hideElementsInCurrentOnly>false</hideElementsInCurrentOnly>
<backgroundColor>-65536</backgroundColor>
<lineWidth>1</lineWidth>
</Connector>
<Connector class="oracle.dbtools.crest.swingui.logical.TVRelation" oid="93F9E63C-8AB6-25BD-1545-00D07E406CC5" otype="Relation" vid_source="EBBE10F0-EA7A-C776-A5EF-4E9C91B83F68" vid_target="0E731346-A02A-7B89-451C-531B0121DC12">
<hideElementsInCurrentOnly>false</hideElementsInCurrentOnly>
<backgroundColor>-16777216</backgroundColor>
<lineWidth>1</lineWidth>
<points>
<point x="627" y="563"/>
<point x="707" y="563"/>
</points>
</Connector>
<Connector class="oracle.dbtools.crest.swingui.logical.TVRelation" oid="A44552CD-0664-31D1-A967-F1791927D9F5" otype="Relation" vid_source="5BE2B01C-8EF6-4828-F590-C61CD8E5AA30" vid_target="D6785ED9-F968-7CDB-3616-653792AC2C13">
<hideElementsInCurrentOnly>false</hideElementsInCurrentOnly>
<backgroundColor>-16777216</backgroundColor>
<lineWidth>1</lineWidth>
<points>
<point x="269" y="193"/>
<point x="374" y="193"/>
</points>
</Connector>
<Connector class="oracle.dbtools.crest.swingui.logical.TVRelation" oid="AEF982C3-DD27-45D3-4BDD-A3D1E6C6AE39" otype="Relation" vid_source="5BE2B01C-8EF6-4828-F590-C61CD8E5AA30" vid_target="8EF788EC-B1CC-69E9-F4EC-9FDFBEFD02B1">
<hideElementsInCurrentOnly>false</hideElementsInCurrentOnly>
<backgroundColor>-16777216</backgroundColor>
<lineWidth>1</lineWidth>
<points>
<point x="130" y="252"/>
<point x="130" y="376"/>
</points>
</Connector>
<Connector class="oracle.dbtools.crest.swingui.logical.TVInheritanceRelation" oid="CF3F6158-79D3-43C5-3A5C-14EA962585EE" otype="Hierarchy relation" vid_source="04B77068-0340-FD0E-D0CC-9C90BF11559D" vid_target="2DD9D87E-6ECF-4888-2B8C-9E71966296DB">
<hideElementsInCurrentOnly>false</hideElementsInCurrentOnly>
<backgroundColor>-65536</backgroundColor>
<lineWidth>1</lineWidth>
</Connector>
<Connector class="oracle.dbtools.crest.swingui.logical.TVInheritanceRelation" oid="E5346035-A21D-929A-8CE0-005988D0BE14" otype="Hierarchy relation" vid_source="34D9913B-9DE7-4639-B5A6-AB0C9FD69990" vid_target="A2175F34-D0CE-5843-2C6B-23D07476F522">
<hideElementsInCurrentOnly>false</hideElementsInCurrentOnly>
<backgroundColor>-65536</backgroundColor>
<lineWidth>1</lineWidth>
</Connector>
<Connector class="oracle.dbtools.crest.swingui.logical.TVRelation" oid="E6EFD3D9-BDDA-52B0-16DC-FD1544376195" otype="Relation" vid_source="D6785ED9-F968-7CDB-3616-653792AC2C13" vid_target="6B1D333C-B67B-114C-147D-C8455A33CA88">
<hideElementsInCurrentOnly>false</hideElementsInCurrentOnly>
<backgroundColor>-16777216</backgroundColor>
<lineWidth>1</lineWidth>
<points>
<point x="420" y="272"/>
<point x="420" y="377"/>
</points>
</Connector>
<Connector class="oracle.dbtools.crest.swingui.logical.TVInheritanceRelation" oid="EE14FF5D-294B-6715-3719-0F19AAFB7B49" otype="Hierarchy relation" vid_source="34D9913B-9DE7-4639-B5A6-AB0C9FD69990" vid_target="1568032D-4CF4-78E0-DF19-2D3F516502B1">
<hideElementsInCurrentOnly>false</hideElementsInCurrentOnly>
<backgroundColor>-65536</backgroundColor>
<lineWidth>1</lineWidth>
</Connector>
</connectors>
</Diagram>
