<?xml version = '1.0' encoding = 'UTF-8'?>
<Diagram class="oracle.dbtools.crest.swingui.relational.DPVRelational" name="Relational_1" id="6DC8A9F0-AB96-B657-830C-CAE0A974AB4F">
<createdBy>cj</createdBy>
<modifiedBy>cj</modifiedBy>
<createdTime>2023-11-09 16:10:48 UTC</createdTime>
<autoRoute>false</autoRoute>
<boxInbox>true</boxInbox>
<showLegend>false</showLegend>
<showLabels>false</showLabels>
<showRelAttributes>false</showRelAttributes>
<gridEnabled>false</gridEnabled>
<showGrid>false</showGrid>
<diagramColor>-1</diagramColor>
<display>false</display>
<notation>1</notation>
<objectViews>
<OView class="oracle.dbtools.crest.swingui.relational.TVTable" oid="1EDE1CAD-6F49-5E00-E2B5-FE1FE74F0FA5" otype="Table" vid="F89C800F-8335-D98B-C7FC-B570CBD1E3A8">
<hideElementsInCurrentOnly>false</hideElementsInCurrentOnly>
<bounds x="1207" y="187" width="262" height="146"/>
</OView>
<OView class="oracle.dbtools.crest.swingui.relational.TVTable" oid="2DA67972-07A6-7D0B-B568-DCA41C8C0E68" otype="Table" vid="ADB47913-EC6A-4FEE-754A-7EBA83F70F57">
<hideElementsInCurrentOnly>false</hideElementsInCurrentOnly>
<bounds x="800" y="290" width="269" height="97"/>
</OView>
<OView class="oracle.dbtools.crest.swingui.relational.TVTable" oid="39AF9BC1-C5F2-F5BF-E04B-DAD174FE1BCB" otype="Table" vid="9A4A8367-E9E5-53C2-26C6-872BB87A99A8">
<hideElementsInCurrentOnly>false</hideElementsInCurrentOnly>
<bounds x="1200" y="14" width="249" height="145"/>
</OView>
<OView class="oracle.dbtools.crest.swingui.relational.TVTable" oid="39DE640A-9DEF-C23F-F6CE-6D43BC0D7F68" otype="Table" vid="FFF89EEF-E5F0-1619-2735-DEA7F9A61257">
<hideElementsInCurrentOnly>false</hideElementsInCurrentOnly>
<bounds x="25" y="390" width="298" height="191"/>
</OView>
<OView class="oracle.dbtools.crest.swingui.relational.TVTable" oid="79872DA6-B347-A8F2-3A94-60FD1A825240" otype="Table" vid="3C04CC11-AA66-160D-4D2C-D298CC128325">
<hideElementsInCurrentOnly>false</hideElementsInCurrentOnly>
<bounds x="792" y="447" width="287" height="129"/>
</OView>
<OView class="oracle.dbtools.crest.swingui.relational.TVTable" oid="7C6ED936-1EC1-E089-3198-7BAEA26FA019" otype="Table" vid="9A755DC4-A05E-9948-D041-00C85A135D5E">
<hideElementsInCurrentOnly>false</hideElementsInCurrentOnly>
<bounds x="776" y="16" width="335" height="236"/>
</OView>
<OView class="oracle.dbtools.crest.swingui.relational.TVTable" oid="80BD47A7-9F50-D2FF-3D7F-ABA2299CAB16" otype="Table" vid="A2FF0335-4F50-78F5-A78A-49A17AC613E8">
<hideElementsInCurrentOnly>false</hideElementsInCurrentOnly>
<bounds x="15" y="106" width="207" height="135"/>
</OView>
<OView class="oracle.dbtools.crest.swingui.relational.TVTable" oid="B82FEE69-F24B-2866-11F4-0BAD56C0DAB8" otype="Table" vid="07B1EE8A-72D4-96E3-2EE0-9C6B69A23370">
<hideElementsInCurrentOnly>false</hideElementsInCurrentOnly>
<bounds x="1209" y="606" width="234" height="76"/>
</OView>
<OView class="oracle.dbtools.crest.swingui.relational.TVTable" oid="C3700A78-A229-4180-3293-7A00B3AE8FF8" otype="Table" vid="E045CEEB-F2C8-A4AF-5CE7-275C8AEFF33A">
<hideElementsInCurrentOnly>false</hideElementsInCurrentOnly>
<bounds x="1183" y="358" width="300" height="111"/>
</OView>
<OView class="oracle.dbtools.crest.swingui.relational.TVTable" oid="C8A82543-C02C-EFE5-FC24-33EBFFF7A79F" otype="Table" vid="6A5A9884-8E51-A803-291D-92FB015FA63C">
<hideElementsInCurrentOnly>false</hideElementsInCurrentOnly>
<bounds x="139" y="648" width="301" height="159"/>
</OView>
<OView class="oracle.dbtools.crest.swingui.relational.TVTable" oid="D19A6AF7-3897-3EC1-5CE1-7F35C44DBC50" otype="Table" vid="B855DD70-14BD-CC57-DA2C-1A20C6E2EC09">
<hideElementsInCurrentOnly>false</hideElementsInCurrentOnly>
<bounds x="302" y="126" width="395" height="245"/>
</OView>
<OView class="oracle.dbtools.crest.swingui.relational.TVTable" oid="E61B4FB5-ECA1-C747-BC14-AC88F6BD09C7" otype="Table" vid="4C75BCE9-CCF5-A0B8-6607-A71CED3A8064">
<hideElementsInCurrentOnly>false</hideElementsInCurrentOnly>
<bounds x="473" y="598" width="266" height="133"/>
</OView>
<OView class="oracle.dbtools.crest.swingui.relational.TVTable" oid="F5790E08-9826-5579-A2E2-68AD9AFD0CBE" otype="Table" vid="D0E1A445-B2B2-F3AC-D016-00E4562C95AE">
<hideElementsInCurrentOnly>false</hideElementsInCurrentOnly>
<bounds x="814" y="606" width="300" height="161"/>
</OView>
</objectViews>
<connectors>
<Connector class="oracle.dbtools.crest.swingui.relational.TVFKRelation" oid="1325E739-B90A-3B29-38D4-5F707393929C" otype="FKIndexAssociation" vid_source="9A755DC4-A05E-9948-D041-00C85A135D5E" vid_target="F89C800F-8335-D98B-C7FC-B570CBD1E3A8">
<hideElementsInCurrentOnly>false</hideElementsInCurrentOnly>
<backgroundColor>-16777216</backgroundColor>
<lineWidth>1</lineWidth>
<points>
<point x="1111" y="219"/>
<point x="1207" y="219"/>
</points>
</Connector>
<Connector class="oracle.dbtools.crest.swingui.relational.TVFKRelation" oid="34221B07-39B0-E3EF-85E8-53EDE478F34F" otype="FKIndexAssociation" vid_source="4C75BCE9-CCF5-A0B8-6607-A71CED3A8064" vid_target="D0E1A445-B2B2-F3AC-D016-00E4562C95AE">
<hideElementsInCurrentOnly>false</hideElementsInCurrentOnly>
<backgroundColor>-16777216</backgroundColor>
<lineWidth>1</lineWidth>
<points>
<point x="739" y="668"/>
<point x="814" y="668"/>
</points>
</Connector>
<Connector class="oracle.dbtools.crest.swingui.relational.TVFKRelation" oid="4146EFED-1AC6-4588-F32A-DA7DE72B625D" otype="FKIndexAssociation" vid_source="9A755DC4-A05E-9948-D041-00C85A135D5E" vid_target="9A4A8367-E9E5-53C2-26C6-872BB87A99A8">
<hideElementsInCurrentOnly>false</hideElementsInCurrentOnly>
<backgroundColor>-16777216</backgroundColor>
<lineWidth>1</lineWidth>
<points>
<point x="1111" y="87"/>
<point x="1200" y="87"/>
</points>
</Connector>
<Connector class="oracle.dbtools.crest.swingui.relational.TVFKRelation" oid="42770D8D-C930-0AAB-D4DB-B4B3A9D4C4F4" otype="FKIndexAssociation" vid_source="B855DD70-14BD-CC57-DA2C-1A20C6E2EC09" vid_target="9A755DC4-A05E-9948-D041-00C85A135D5E">
<hideElementsInCurrentOnly>false</hideElementsInCurrentOnly>
<backgroundColor>-16777216</backgroundColor>
<lineWidth>1</lineWidth>
<points>
<point x="697" y="189"/>
<point x="776" y="189"/>
</points>
</Connector>
<Connector class="oracle.dbtools.crest.swingui.relational.TVFKRelation" oid="4419C59B-17EE-6CFC-4094-53ED6A1D13F0" otype="FKIndexAssociation" vid_source="A2FF0335-4F50-78F5-A78A-49A17AC613E8" vid_target="FFF89EEF-E5F0-1619-2735-DEA7F9A61257">
<hideElementsInCurrentOnly>false</hideElementsInCurrentOnly>
<backgroundColor>-16777216</backgroundColor>
<lineWidth>1</lineWidth>
<points>
<point x="123" y="252"/>
<point x="123" y="390"/>
</points>
</Connector>
<Connector class="oracle.dbtools.crest.swingui.relational.TVFKRelation" oid="506419A4-2C97-52EF-DA4E-036FB8370450" otype="FKIndexAssociation" vid_source="B855DD70-14BD-CC57-DA2C-1A20C6E2EC09" vid_target="4C75BCE9-CCF5-A0B8-6607-A71CED3A8064">
<hideElementsInCurrentOnly>false</hideElementsInCurrentOnly>
<backgroundColor>-16777216</backgroundColor>
<lineWidth>1</lineWidth>
<points>
<point x="585" y="371"/>
<point x="585" y="598"/>
</points>
</Connector>
<Connector class="oracle.dbtools.crest.swingui.relational.TVFKRelation" oid="75A526BF-8353-56AE-C708-6E2B7AC8CFA6" otype="FKIndexAssociation" vid_source="ADB47913-EC6A-4FEE-754A-7EBA83F70F57" vid_target="3C04CC11-AA66-160D-4D2C-D298CC128325">
<hideElementsInCurrentOnly>false</hideElementsInCurrentOnly>
<backgroundColor>-16777216</backgroundColor>
<lineWidth>1</lineWidth>
<points>
<point x="934" y="387"/>
<point x="934" y="447"/>
</points>
</Connector>
<Connector class="oracle.dbtools.crest.swingui.relational.TVFKRelation" oid="A623D371-19F1-BA43-92E4-398BBBF26275" otype="FKIndexAssociation" vid_source="B855DD70-14BD-CC57-DA2C-1A20C6E2EC09" vid_target="6A5A9884-8E51-A803-291D-92FB015FA63C">
<hideElementsInCurrentOnly>false</hideElementsInCurrentOnly>
<backgroundColor>-16777216</backgroundColor>
<lineWidth>1</lineWidth>
<points>
<point x="371" y="371"/>
<point x="371" y="648"/>
</points>
</Connector>
<Connector class="oracle.dbtools.crest.swingui.relational.TVFKRelation" oid="AA7A2532-9552-DC42-4176-5225BC47F9FC" otype="FKIndexAssociation" vid_source="ADB47913-EC6A-4FEE-754A-7EBA83F70F57" vid_target="B855DD70-14BD-CC57-DA2C-1A20C6E2EC09">
<hideElementsInCurrentOnly>false</hideElementsInCurrentOnly>
<backgroundColor>-16777216</backgroundColor>
<lineWidth>1</lineWidth>
<points>
<point x="800" y="345"/>
<point x="697" y="345"/>
</points>
</Connector>
<Connector class="oracle.dbtools.crest.swingui.relational.TVFKRelation" oid="ABB71F90-1328-0E90-47B3-C1C3122F1C0D" otype="FKIndexAssociation" vid_source="6A5A9884-8E51-A803-291D-92FB015FA63C" vid_target="FFF89EEF-E5F0-1619-2735-DEA7F9A61257">
<hideElementsInCurrentOnly>false</hideElementsInCurrentOnly>
<backgroundColor>-16777216</backgroundColor>
<lineWidth>1</lineWidth>
<points>
<point x="231" y="648"/>
<point x="231" y="581"/>
</points>
</Connector>
<Connector class="oracle.dbtools.crest.swingui.relational.TVFKRelation" oid="CC81A688-3A50-8791-8A7C-E510C3164A4C" otype="FKIndexAssociation" vid_source="A2FF0335-4F50-78F5-A78A-49A17AC613E8" vid_target="B855DD70-14BD-CC57-DA2C-1A20C6E2EC09">
<hideElementsInCurrentOnly>false</hideElementsInCurrentOnly>
<backgroundColor>-16777216</backgroundColor>
<lineWidth>1</lineWidth>
<points>
<point x="269" y="198"/>
<point x="302" y="198"/>
</points>
</Connector>
<Connector class="oracle.dbtools.crest.swingui.relational.TVFKRelation" oid="DCE986B0-402E-0C0C-4C97-401610E82BB0" otype="FKIndexAssociation" vid_source="07B1EE8A-72D4-96E3-2EE0-9C6B69A23370" vid_target="D0E1A445-B2B2-F3AC-D016-00E4562C95AE">
<hideElementsInCurrentOnly>false</hideElementsInCurrentOnly>
<backgroundColor>-16777216</backgroundColor>
<lineWidth>1</lineWidth>
<points>
<point x="1209" y="644"/>
<point x="1114" y="644"/>
</points>
</Connector>
<Connector class="oracle.dbtools.crest.swingui.relational.TVFKRelation" oid="E2000C15-350D-1EE0-DB4E-7665E7259C5B" otype="FKIndexAssociation" vid_source="A2FF0335-4F50-78F5-A78A-49A17AC613E8" vid_target="B855DD70-14BD-CC57-DA2C-1A20C6E2EC09">
<hideElementsInCurrentOnly>false</hideElementsInCurrentOnly>
<backgroundColor>-16777216</backgroundColor>
<lineWidth>1</lineWidth>
<points>
<point x="269" y="183"/>
<point x="302" y="183"/>
</points>
</Connector>
<Connector class="oracle.dbtools.crest.swingui.relational.TVFKRelation" oid="F922EDD1-A65F-9DA4-7A57-7923E008C48C" otype="FKIndexAssociation" vid_source="ADB47913-EC6A-4FEE-754A-7EBA83F70F57" vid_target="E045CEEB-F2C8-A4AF-5CE7-275C8AEFF33A">
<hideElementsInCurrentOnly>false</hideElementsInCurrentOnly>
<backgroundColor>-16777216</backgroundColor>
<lineWidth>1</lineWidth>
<points>
<point x="1069" y="372"/>
<point x="1183" y="372"/>
</points>
</Connector>
</connectors>
<arcs>
<Arc class="oracle.dbtools.crest.swingui.relational.TVFKArc" oid="90B463D5-3DFB-3E14-0057-452FC235CC6A" otype="FKArc" vid="A61A4BA6-38F4-A70D-F34C-68C6403F0AE0">
<hideElementsInCurrentOnly>false</hideElementsInCurrentOnly>
<bounds x="756" y="-4" width="375" height="276"/>
</Arc>
<Arc class="oracle.dbtools.crest.swingui.relational.TVFKArc" oid="DE2F4C09-7E7C-805D-1EE3-5D3FE7C9C28B" otype="FKArc" vid="96F5D8F0-F1A2-3FF7-4F14-036DFCFDA791">
<hideElementsInCurrentOnly>false</hideElementsInCurrentOnly>
<bounds x="780" y="270" width="309" height="137"/>
</Arc>
</arcs>
</Diagram>
