<?xml version = '1.0' encoding = 'UTF-8'?>
<Entity class="oracle.dbtools.crest.model.design.logical.Entity" directorySegmentName="seg_0" id="2515EDE3-4BED-9078-E374-AA4F15A85603" name="JC_VEHICLE_CLASS">
<createdBy>cj</createdBy>
<createdTime>2023-11-09 18:58:15 UTC</createdTime>
<ownerDesignName>WOW</ownerDesignName>
<engineerTo>
<item key="08090BE4-B1A1-F67B-C30F-A2BF83219429" value="true"/>
</engineerTo>
<adequatelyNormalized>NO</adequatelyNormalized>
<expectedVolumes>0</expectedVolumes>
<fwdEngineeringStrategyName>Single Table</fwdEngineeringStrategyName>
<growthPercent>0</growthPercent>
<growthType>Year</growthType>
<maxVolumes>9999999</maxVolumes>
<minVolumes>0</minVolumes>
<normalForm>Third</normalForm>
<attributes itemClass="oracle.dbtools.crest.model.design.logical.Attribute">
<Attribute name="VEHICLE_ID" id="D820A635-A20C-D6FA-75B8-EF8DAB2A1A9D">
<createdBy>cj</createdBy>
<createdTime>2023-11-09 19:00:10 UTC</createdTime>
<ownerDesignName>WOW</ownerDesignName>
<engineerTo>
<item key="08090BE4-B1A1-F67B-C30F-A2BF83219429" value="true"/>
</engineerTo>
<useDomainConstraints>false</useDomainConstraints>
<use>1</use>
<logicalDatatype>LOGDT019</logicalDatatype>
<dataTypePrecision>5</dataTypePrecision>
<ownDataTypeParameters>,5,</ownDataTypeParameters>
</Attribute>
<Attribute name="VEHICLE_TYPE" id="3FF1D83B-F61F-2D80-0F23-5A611F50C4FF">
<createdBy>cj</createdBy>
<createdTime>2023-11-09 20:38:25 UTC</createdTime>
<ownerDesignName>WOW</ownerDesignName>
<engineerTo>
<item key="08090BE4-B1A1-F67B-C30F-A2BF83219429" value="true"/>
</engineerTo>
<useDomainConstraints>false</useDomainConstraints>
<use>1</use>
<logicalDatatype>LOGDT024</logicalDatatype>
<dataTypeSize>30</dataTypeSize>
<ownDataTypeParameters>30,,</ownDataTypeParameters>
</Attribute>
<Attribute name="DAILY_RATE" id="5212465B-7B2F-9999-FAED-1B12B2569CC6">
<createdBy>cj</createdBy>
<createdTime>2023-11-09 19:01:28 UTC</createdTime>
<ownerDesignName>WOW</ownerDesignName>
<engineerTo>
<item key="08090BE4-B1A1-F67B-C30F-A2BF83219429" value="true"/>
</engineerTo>
<useDomainConstraints>false</useDomainConstraints>
<use>1</use>
<logicalDatatype>LOGDT019</logicalDatatype>
<dataTypePrecision>5</dataTypePrecision>
<dataTypeScale>2</dataTypeScale>
<ownDataTypeParameters>,5,2</ownDataTypeParameters>
</Attribute>
<Attribute name="OVER_MILEAGE_RATE" id="0014D9BF-9C96-79E0-8340-1E8848355497">
<createdBy>cj</createdBy>
<createdTime>2023-11-09 19:02:57 UTC</createdTime>
<ownerDesignName>WOW</ownerDesignName>
<engineerTo>
<item key="08090BE4-B1A1-F67B-C30F-A2BF83219429" value="true"/>
</engineerTo>
<useDomainConstraints>false</useDomainConstraints>
<use>1</use>
<logicalDatatype>LOGDT019</logicalDatatype>
<dataTypePrecision>4</dataTypePrecision>
<dataTypeScale>2</dataTypeScale>
<ownDataTypeParameters>,4,2</ownDataTypeParameters>
</Attribute>
<Attribute name="ODO_LIMIT" id="1EFDD46E-2765-A347-CC42-57B04D10EBC8">
<createdBy>cj</createdBy>
<createdTime>2023-11-09 20:43:09 UTC</createdTime>
<ownerDesignName>WOW</ownerDesignName>
<engineerTo>
<item key="08090BE4-B1A1-F67B-C30F-A2BF83219429" value="true"/>
</engineerTo>
<useDomainConstraints>false</useDomainConstraints>
<use>1</use>
<logicalDatatype>LOGDT019</logicalDatatype>
<dataTypePrecision>4</dataTypePrecision>
<ownDataTypeParameters>,4,</ownDataTypeParameters>
</Attribute>
<Attribute name="SERVICE_ID" id="6589DA15-2F33-D06D-44A3-B5B92B4F66C5">
<createdBy>cj</createdBy>
<createdTime>2023-11-09 20:54:26 UTC</createdTime>
<generatorID>E6EFD3D9-BDDA-52B0-16DC-FD1544376195</generatorID>
<ownerDesignName>WOW</ownerDesignName>
<engineerTo>
<item key="08090BE4-B1A1-F67B-C30F-A2BF83219429" value="true"/>
</engineerTo>
<referedAttribute>CF7FA584-08FA-BB85-CF05-28782E2BF9AD</referedAttribute>
<useDomainConstraints>false</useDomainConstraints>
<use>1</use>
<logicalDatatype>LOGDT019</logicalDatatype>
<dataTypePrecision>5</dataTypePrecision>
<ownDataTypeParameters>,,</ownDataTypeParameters>
</Attribute>
</attributes>
<identifiers itemClass="oracle.dbtools.crest.model.design.logical.CandidateKey">
<identifier id="D189604A-6B6B-7556-1A24-46E47C9C3D15" name="CLASS PK">
<createdBy>cj</createdBy>
<createdTime>2023-11-09 19:00:51 UTC</createdTime>
<ownerDesignName>WOW</ownerDesignName>
<engineerTo>
<item key="08090BE4-B1A1-F67B-C30F-A2BF83219429" value="true"/>
</engineerTo>
<pk>true</pk>
<usedAttributes>
<attributeRef>D820A635-A20C-D6FA-75B8-EF8DAB2A1A9D</attributeRef>
</usedAttributes>
</identifier>
</identifiers>
</Entity>
