<?xml version = '1.0' encoding = 'UTF-8'?>
<Entity class="oracle.dbtools.crest.model.design.logical.Entity" directorySegmentName="seg_0" id="64D83D36-8B97-3C9E-3FC0-9FA9AD349B90" name="JC_INVOICE">
<createdBy>cj</createdBy>
<createdTime>2023-11-09 19:13:58 UTC</createdTime>
<ownerDesignName>WOW</ownerDesignName>
<engineerTo>
<item key="08090BE4-B1A1-F67B-C30F-A2BF83219429" value="true"/>
</engineerTo>
<adequatelyNormalized>NO</adequatelyNormalized>
<expectedVolumes>0</expectedVolumes>
<fwdEngineeringStrategyName>Single Table</fwdEngineeringStrategyName>
<growthPercent>0</growthPercent>
<growthType>Year</growthType>
<maxVolumes>9999999</maxVolumes>
<minVolumes>0</minVolumes>
<normalForm>Third</normalForm>
<attributes itemClass="oracle.dbtools.crest.model.design.logical.Attribute">
<Attribute name="INVOICE_ID" id="426FC88B-DED1-6F78-22A3-481911865E8E">
<createdBy>cj</createdBy>
<createdTime>2023-11-09 19:14:07 UTC</createdTime>
<ownerDesignName>WOW</ownerDesignName>
<engineerTo>
<item key="08090BE4-B1A1-F67B-C30F-A2BF83219429" value="true"/>
</engineerTo>
<useDomainConstraints>false</useDomainConstraints>
<use>1</use>
<logicalDatatype>LOGDT019</logicalDatatype>
<dataTypePrecision>5</dataTypePrecision>
<ownDataTypeParameters>,5,</ownDataTypeParameters>
</Attribute>
<Attribute name="INVOICE_DATE" id="BF2B8666-E3AE-B2E4-E6D1-4031A489E638">
<createdBy>cj</createdBy>
<createdTime>2023-11-09 19:16:54 UTC</createdTime>
<ownerDesignName>WOW</ownerDesignName>
<engineerTo>
<item key="08090BE4-B1A1-F67B-C30F-A2BF83219429" value="true"/>
</engineerTo>
<useDomainConstraints>false</useDomainConstraints>
<use>1</use>
<logicalDatatype>LOGDT007</logicalDatatype>
<ownDataTypeParameters>,,</ownDataTypeParameters>
</Attribute>
<Attribute name="INVOICE_AMOUNT" id="F01E7AD0-01AF-4987-CA64-143C844D1558">
<createdBy>cj</createdBy>
<createdTime>2023-11-09 19:17:08 UTC</createdTime>
<ownerDesignName>WOW</ownerDesignName>
<engineerTo>
<item key="08090BE4-B1A1-F67B-C30F-A2BF83219429" value="true"/>
</engineerTo>
<useDomainConstraints>false</useDomainConstraints>
<use>1</use>
<logicalDatatype>LOGDT019</logicalDatatype>
<dataTypePrecision>7</dataTypePrecision>
<dataTypeScale>2</dataTypeScale>
<ownDataTypeParameters>,7,2</ownDataTypeParameters>
</Attribute>
<Attribute name="SERVICE_ID" id="0644788D-CDB9-BD89-1D52-7D89E83AED55">
<createdBy>cj</createdBy>
<createdTime>2023-11-09 20:54:37 UTC</createdTime>
<generatorID>68E98B89-82F9-D31E-12B5-6ED139E722D3</generatorID>
<ownerDesignName>WOW</ownerDesignName>
<engineerTo>
<item key="08090BE4-B1A1-F67B-C30F-A2BF83219429" value="true"/>
</engineerTo>
<referedAttribute>CF7FA584-08FA-BB85-CF05-28782E2BF9AD</referedAttribute>
<useDomainConstraints>false</useDomainConstraints>
<use>1</use>
<logicalDatatype>LOGDT019</logicalDatatype>
<dataTypePrecision>5</dataTypePrecision>
<ownDataTypeParameters>,,</ownDataTypeParameters>
</Attribute>
</attributes>
<identifiers itemClass="oracle.dbtools.crest.model.design.logical.CandidateKey">
<identifier id="9172B479-C87B-E3CA-8704-36F2029C303D" name="INVOICE PK">
<createdBy>cj</createdBy>
<createdTime>2023-11-09 19:15:43 UTC</createdTime>
<ownerDesignName>WOW</ownerDesignName>
<engineerTo>
<item key="08090BE4-B1A1-F67B-C30F-A2BF83219429" value="true"/>
</engineerTo>
<pk>true</pk>
<usedAttributes>
<attributeRef>426FC88B-DED1-6F78-22A3-481911865E8E</attributeRef>
</usedAttributes>
</identifier>
</identifiers>
</Entity>
