<?xml version = '1.0' encoding = 'UTF-8'?>
<Entity class="oracle.dbtools.crest.model.design.logical.Entity" directorySegmentName="seg_0" id="7705DD61-FABA-4865-FFCA-5138F810B64D" name="JC_VEHICLE">
<createdBy>cj</createdBy>
<createdTime>2023-11-09 16:25:44 UTC</createdTime>
<ownerDesignName>WOW</ownerDesignName>
<engineerTo>
<item key="08090BE4-B1A1-F67B-C30F-A2BF83219429" value="true"/>
</engineerTo>
<adequatelyNormalized>NO</adequatelyNormalized>
<expectedVolumes>0</expectedVolumes>
<fwdEngineeringStrategyName>Single Table</fwdEngineeringStrategyName>
<growthPercent>0</growthPercent>
<growthType>Year</growthType>
<maxVolumes>9999999</maxVolumes>
<minVolumes>0</minVolumes>
<normalForm>Third</normalForm>
<attributes itemClass="oracle.dbtools.crest.model.design.logical.Attribute">
<Attribute name="VEHICLE_VIN" id="B26582E3-99AD-4F35-9E74-56F9F8239FAC">
<createdBy>cj</createdBy>
<createdTime>2023-11-09 16:29:00 UTC</createdTime>
<ownerDesignName>WOW</ownerDesignName>
<engineerTo>
<item key="08090BE4-B1A1-F67B-C30F-A2BF83219429" value="true"/>
</engineerTo>
<useDomainConstraints>false</useDomainConstraints>
<use>1</use>
<logicalDatatype>LOGDT024</logicalDatatype>
<dataTypeSize>17</dataTypeSize>
<ownDataTypeParameters>17,,</ownDataTypeParameters>
</Attribute>
<Attribute name="VEHICLE_MAKE" id="61962C21-5E6A-F059-90F5-D0A2FACB3F42">
<createdBy>cj</createdBy>
<createdTime>2023-11-09 16:27:34 UTC</createdTime>
<ownerDesignName>WOW</ownerDesignName>
<engineerTo>
<item key="08090BE4-B1A1-F67B-C30F-A2BF83219429" value="true"/>
</engineerTo>
<useDomainConstraints>false</useDomainConstraints>
<use>1</use>
<logicalDatatype>LOGDT024</logicalDatatype>
<dataTypeSize>30</dataTypeSize>
<ownDataTypeParameters>30,,</ownDataTypeParameters>
</Attribute>
<Attribute name="VEHICLE_MODEL" id="27E6BC04-B4FD-F265-8D14-9D00A23CE8BC">
<createdBy>cj</createdBy>
<createdTime>2023-11-09 16:28:01 UTC</createdTime>
<ownerDesignName>WOW</ownerDesignName>
<engineerTo>
<item key="08090BE4-B1A1-F67B-C30F-A2BF83219429" value="true"/>
</engineerTo>
<useDomainConstraints>false</useDomainConstraints>
<use>1</use>
<logicalDatatype>LOGDT024</logicalDatatype>
<dataTypeSize>30</dataTypeSize>
<ownDataTypeParameters>30,,</ownDataTypeParameters>
</Attribute>
<Attribute name="VEHICLE_YEAR" id="E239B8D5-098D-3F08-F573-4F4E5E034052">
<createdBy>cj</createdBy>
<createdTime>2023-11-09 16:28:36 UTC</createdTime>
<ownerDesignName>WOW</ownerDesignName>
<engineerTo>
<item key="08090BE4-B1A1-F67B-C30F-A2BF83219429" value="true"/>
</engineerTo>
<useDomainConstraints>false</useDomainConstraints>
<use>1</use>
<logicalDatatype>LOGDT019</logicalDatatype>
<dataTypePrecision>4</dataTypePrecision>
<ownDataTypeParameters>,4,</ownDataTypeParameters>
</Attribute>
<Attribute name="LICENSE_PLATE_NO" id="5046AD2E-6992-E22C-B49D-291297FA45CA">
<createdBy>cj</createdBy>
<createdTime>2023-11-09 16:30:01 UTC</createdTime>
<ownerDesignName>WOW</ownerDesignName>
<engineerTo>
<item key="08090BE4-B1A1-F67B-C30F-A2BF83219429" value="true"/>
</engineerTo>
<useDomainConstraints>false</useDomainConstraints>
<use>1</use>
<logicalDatatype>LOGDT024</logicalDatatype>
<dataTypeSize>8</dataTypeSize>
<ownDataTypeParameters>8,,</ownDataTypeParameters>
</Attribute>
<Attribute name="LOC_ID" id="D659DE19-2F87-92BE-ABBE-F1FB8C9E8A0E">
<createdBy>cj</createdBy>
<createdTime>2023-11-09 20:44:04 UTC</createdTime>
<generatorID>AEF982C3-DD27-45D3-4BDD-A3D1E6C6AE39</generatorID>
<ownerDesignName>WOW</ownerDesignName>
<engineerTo>
<item key="08090BE4-B1A1-F67B-C30F-A2BF83219429" value="true"/>
</engineerTo>
<referedAttribute>0BDD704E-706F-87D6-3370-8808B43042BF</referedAttribute>
<useDomainConstraints>false</useDomainConstraints>
<use>1</use>
<logicalDatatype>LOGDT019</logicalDatatype>
<dataTypePrecision>4</dataTypePrecision>
<ownDataTypeParameters>,,</ownDataTypeParameters>
</Attribute>
<Attribute name="VEHICLE_ID" id="E52290C0-2E10-BCDF-C965-ED19F7041E58">
<createdBy>cj</createdBy>
<createdTime>2023-11-09 20:44:19 UTC</createdTime>
<generatorID>80FEA0A6-A33C-15C2-E9E4-CC4EF50418C3</generatorID>
<ownerDesignName>WOW</ownerDesignName>
<engineerTo>
<item key="08090BE4-B1A1-F67B-C30F-A2BF83219429" value="true"/>
</engineerTo>
<referedAttribute>D820A635-A20C-D6FA-75B8-EF8DAB2A1A9D</referedAttribute>
<useDomainConstraints>false</useDomainConstraints>
<use>1</use>
<logicalDatatype>LOGDT019</logicalDatatype>
<dataTypePrecision>5</dataTypePrecision>
<ownDataTypeParameters>,,</ownDataTypeParameters>
</Attribute>
</attributes>
<identifiers itemClass="oracle.dbtools.crest.model.design.logical.CandidateKey">
<identifier id="EF32D541-60C2-897E-3BB6-089487FBCEB1" name="VEHICLE PK">
<createdBy>cj</createdBy>
<createdTime>2023-11-09 16:28:03 UTC</createdTime>
<ownerDesignName>WOW</ownerDesignName>
<engineerTo>
<item key="08090BE4-B1A1-F67B-C30F-A2BF83219429" value="true"/>
</engineerTo>
<pk>true</pk>
<usedAttributes>
<attributeRef>B26582E3-99AD-4F35-9E74-56F9F8239FAC</attributeRef>
</usedAttributes>
</identifier>
</identifiers>
</Entity>
