create database practice;

use practice;

CREATE TABLE ap_dept (
    deptno   NUMERIC(2) NOT NULL COMMENT 'DEPARTMENT ID',
    dname    VARCHAR(20) NOT NULL COMMENT 'DEPARTMENT NAME',
    loc      VARCHAR(20) NOT NULL COMMENT 'LOCATION OF THE DEPARTMENT'
);

ALTER TABLE ap_dept  ADD CONSTRAINT ap_dept_pk PRIMARY KEY ( deptno );

CREATE TABLE ap_emp (
    empno      NUMERIC(4) NOT NULL COMMENT 'EMPLOYEE NUMBER',
    efname     VARCHAR(30) NOT NULL COMMENT 'EMPLOYEE FIRST NAME',
    elname     VARCHAR(30) NOT NULL COMMENT 'EMPLOYEE LAST NAME',
    job        VARCHAR(30) NOT NULL COMMENT 'JOB FUNCTION',
    mgr        NUMERIC(4) COMMENT 'EMPLOYEE ID OF THE MANAGER',
    hiredate   DATETIME NOT NULL COMMENT 'HIREDATE OF THE EMPLOYEE',
    sal        DECIMAL(7, 2) NOT NULL COMMENT 'MONTHLY SAL OF EMPLOYEE IN USD',
    comm       DECIMAL (7,2) COMMENT 'COMMISON IN USD',
    deptno     NUMERIC(2) NOT NULL
);

ALTER TABLE ap_emp  ADD CONSTRAINT ap_emp_pk PRIMARY KEY ( empno );

CREATE TABLE ap_proemp (
    hours    NUMERIC(4) NOT NULL,
    empno    NUMERIC(4) NOT NULL,
    projid   NUMERIC(3) NOT NULL);

ALTER TABLE ap_proemp ADD CONSTRAINT ap_proemp_pk PRIMARY KEY ( empno,
                                                                projid );

CREATE TABLE ap_project (
    projid      NUMERIC(3) NOT NULL COMMENT 'PROJECT ID',
    pname       VARCHAR(30) NOT NULL COMMENT 'PROJECT NAME',
    startdate   DATETIME NOT NULL COMMENT 'PROJECT START DATE',
    enddate     DATETIME NOT NULL COMMENT 'PROJECT END DATE'
);


ALTER TABLE ap_project ADD CONSTRAINT ap_project_pk PRIMARY KEY ( projid );


CREATE TABLE ap_salgrade (
    grade   VARCHAR(2) NOT NULL COMMENT 'SAL GRADE',
    hisal   DECIMAL(7, 2) NOT NULL COMMENT 'HIGH SAL RANGE',
    losal   DECIMAL(7, 2) NOT NULL COMMENT 'LOW SAL RANGE'
);

ALTER TABLE ap_salgrade ADD CONSTRAINT ap_salgrade_pk PRIMARY KEY ( grade );

ALTER TABLE ap_emp
    ADD CONSTRAINT ap_emp_ap_dept_fk FOREIGN KEY ( deptno )
        REFERENCES ap_dept ( deptno );

ALTER TABLE ap_proemp
    ADD CONSTRAINT ap_proemp_ap_emp_fk FOREIGN KEY ( empno )
        REFERENCES ap_emp ( empno );

ALTER TABLE ap_proemp
    ADD CONSTRAINT ap_proemp_ap_project_fk FOREIGN KEY ( projid )
        REFERENCES ap_project ( projid );


-- DML

insert into ap_dept   (DEPTNO, DNAME, LOC)  values    (10, 'ACCOUNTING', 'NEW YORK');

insert into ap_dept    (DEPTNO, DNAME, LOC)  values    (20, 'RESEARCH', 'DALLAS');

insert into ap_dept    (DEPTNO, DNAME, LOC)  values    (30, 'SALES', 'CHICAGO');

insert into ap_dept   (DEPTNO, DNAME, LOC)  values    (40, 'OPERATIONS', 'BOSTON');

COMMIT;

insert into ap_emp 
   (EMPNO, EFNAME, ELNAME, JOB, MGR, HIREDATE, SAL,COMM, DEPTNO) 
 values 
   (7369, 'CHARLES','SMITH', 'CLERK', 7902, STR_TO_DATE('10-08-2001 00,00,00', '%m-%d-%Y %H,%i,%s'),  
    2400, NULL,20);

insert into ap_emp 
   (EMPNO, EFNAME,ELNAME, JOB, MGR, HIREDATE, SAL, COMM, DEPTNO) 
 values 
   (7499,'GRAYSON', 'ALLEN', 'SALESMAN', 7698, STR_TO_DATE('12-12-2001 00,00,00', '%m-%d-%Y %H,%i,%s'),  
    4800, 600, 30);

insert into ap_emp 
   (EMPNO, EFNAME,ELNAME, JOB, MGR, HIREDATE, SAL, COMM, DEPTNO) 
 values 
   (7521,'MATTHEW' ,'WARD', 'SALESMAN', 7698, STR_TO_DATE('12-14-2001 00,00,00', '%m-%d-%Y %H,%i,%s'),  
    3750, 1000, 30);

insert into ap_emp 
   (EMPNO, EFNAME,ELNAME ,JOB, MGR, HIREDATE, SAL, DEPTNO) 
 values 
   (7566,'NICHOLAS', 'JONES', 'MANAGER', 7839, STR_TO_DATE('01-22-2002 00,00,00', '%m-%d-%Y %H,%i,%s'),  
    8925, 20);

insert into ap_emp 
   (EMPNO, EFNAME,ELNAME, JOB, MGR, HIREDATE, SAL, COMM, DEPTNO) 
 values 
   (7654,'CHRIS', 'MARTIN', 'SALESMAN', 7698, STR_TO_DATE('07-20-2002 00,00,00', '%m-%d-%Y %H,%i,%s'),  
    3750, 2800, 30);

insert into ap_emp 
   (EMPNO, EFNAME, ELNAME, JOB, MGR, HIREDATE, SAL, DEPTNO) 
 values 
   (7698,'BLAKE','GRIFFIN', 'MANAGER', 7839, STR_TO_DATE('02-20-2002 00,00,00', '%m-%d-%Y %H,%i,%s'),  
    8550, 30);

insert into ap_emp 
   (EMPNO, EFNAME, ELNAME, JOB, MGR, HIREDATE, SAL, DEPTNO) 
 values 
   (7782,'KENT', 'CLARK', 'MANAGER', 7839, STR_TO_DATE('03-31-2002 00,00,00', '%m-%d-%Y %H,%i,%s'),  
    7350, 10);

insert into ap_emp 
   (EMPNO, EFNAME, ELNAME, JOB, MGR, HIREDATE, SAL, DEPTNO) 
 values 
   (7788,'DEVIN', 'BOOKER', 'ANALYST', 7566, STR_TO_DATE('02-08-2008 00,00,00', '%m-%d-%Y %H,%i,%s'),  
    9000, 20);

insert into ap_emp 
   (EMPNO, EFNAME, ELNAME, JOB, HIREDATE, SAL, DEPTNO) 
 values 
   (7839,'MARTIN', 'KING', 'PRESIDENT', STR_TO_DATE('09-08-2002 00,00,00', '%m-%d-%Y %H,%i,%s'),  
    15000, 10);

insert into ap_emp 
   (EMPNO, EFNAME, ELNAME, JOB, MGR, HIREDATE, SAL, COMM, DEPTNO) 
 values 
   (7844,'WILLIAM', 'TURNER', 'SALESMAN', 7698, STR_TO_DATE('06-30-2002 00,00,00', '%m-%d-%Y %H,%i,%s'),  
    4500, 0, 30);

insert into ap_emp 
   (EMPNO, EFNAME,ELNAME, JOB, MGR, HIREDATE, SAL, DEPTNO) 
 values 
   (7876,'JOHN', 'ADAMS', 'CLERK', 7788, STR_TO_DATE('03-13-2008 00,00,00', '%m-%d-%Y %H,%i,%s'),  
    3300, 20);

insert into ap_emp 
   (EMPNO,EFNAME, ELNAME, JOB, MGR, HIREDATE, SAL, DEPTNO) 
 values 
   (7900,'LEBRON', 'JAMES', 'CLERK', 7698, STR_TO_DATE('09-24-2002 00,00,00', '%m-%d-%Y %H,%i,%s'),  
    2850, 30);

insert into ap_emp 
   (EMPNO, EFNAME, ELNAME, JOB, MGR, HIREDATE, SAL, DEPTNO) 
 values 
   (7902, 'CHRISTIAN','FORD', 'ANALYST', 7566, STR_TO_DATE('09-24-2002 00,00,00', '%m-%d-%Y %H,%i,%s'),  
    9000, 20);

insert into ap_emp 
   (EMPNO, EFNAME, ELNAME, JOB, MGR, HIREDATE, SAL, DEPTNO) 
 values 
   (7934,'MIKE', 'MILLER', 'CLERK', 7782, STR_TO_DATE('11-14-2002 00,00,00', '%m-%d-%Y %H,%i,%s'),  
    3900, 10);

COMMIT;


insert into ap_project 
   (PROJID, PNAME, STARTDATE, ENDDATE) 
 values 
   (101, ' Upgrade Marketing Database', STR_TO_DATE('04-05-2018 14,08,52', '%m-%d-%Y %H,%i,%s'), STR_TO_DATE('06-24-2018 14,08,52', '%m-%d-%Y %H,%i,%s'));

insert into ap_project 
   (PROJID, PNAME, STARTDATE, ENDDATE) 
 values 
   (102, ' Create Sales Data Warehouset', STR_TO_DATE('12-16-2017 14,10,57', '%m-%d-%Y %H,%i,%s'), STR_TO_DATE('03-26-2018 14,10,57', '%m-%d-%Y %H,%i,%s'));

insert into ap_project 
   (PROJID, PNAME, STARTDATE, ENDDATE) 
 values 
   (103, 'Design and Create New DB', STR_TO_DATE('03-16-2018 14,12,33', '%m-%d-%Y %H,%i,%s'), STR_TO_DATE('05-25-2018 14,12,33', '%m-%d-%Y %H,%i,%s'));

insert into ap_project 
   (PROJID, PNAME, STARTDATE, ENDDATE) 
 values 
   (104, 'Develop Employee Leave System', STR_TO_DATE('05-05-2018 14,14,18', '%m-%d-%Y %H,%i,%s'), STR_TO_DATE('07-24-2018 14,14,18', '%m-%d-%Y %H,%i,%s'));

insert into ap_project 
   (PROJID, PNAME, STARTDATE, ENDDATE) 
 values 
   (105, 'Design Backup Procedure', STR_TO_DATE('06-09-2018 14,15,48', '%m-%d-%Y %H,%i,%s'), STR_TO_DATE('09-02-2018 14,15,48', '%m-%d-%Y %H,%i,%s'));

COMMIT;


insert into ap_proemp 
   (EMPNO, PROJID, HOURS) 
 values 
   (7499, 101, 42);

insert into ap_proemp 
   (EMPNO, PROJID, HOURS) 
 values 
   (7566, 101, 30);

insert into ap_proemp 
   (EMPNO, PROJID, HOURS) 
 values 
   (7782, 101, 50);

insert into ap_proemp 
   (EMPNO, PROJID, HOURS) 
 values 
   (7902, 101, 38);

insert into ap_proemp 
   (EMPNO, PROJID, HOURS) 
 values 
   (7521, 102, 60);

insert into ap_proemp 
   (EMPNO, PROJID, HOURS) 
 values 
   (7698, 102, 48);

insert into ap_proemp 
   (EMPNO, PROJID, HOURS) 
 values 
   (7844, 102, 88);

insert into ap_proemp 
   (EMPNO, PROJID, HOURS) 
 values 
   (7654, 102, 68);

insert into ap_proemp 
   (EMPNO, PROJID, HOURS) 
 values 
   (7521, 103, 60);

insert into ap_proemp 
   (EMPNO, PROJID, HOURS) 
 values 
   (7698, 103, 48);

insert into ap_proemp 
   (EMPNO, PROJID, HOURS) 
 values 
   (7788, 103, 28);

insert into ap_proemp 
   (EMPNO, PROJID, HOURS) 
 values 
   (7782, 103, 38);

insert into ap_proemp 
   (EMPNO, PROJID, HOURS) 
 values 
   (7521, 104, 70);

insert into ap_proemp 
   (EMPNO, PROJID, HOURS) 
 values 
   (7698, 104, 50);

insert into ap_proemp 
   (EMPNO, PROJID, HOURS) 
 values 
   (7788, 104, 38);

insert into ap_proemp 
   (EMPNO, PROJID, HOURS) 
 values 
   (7782, 104, 32);

insert into ap_proemp 
   (EMPNO, PROJID, HOURS) 
 values 
   (7566, 105, 75);

insert into ap_proemp 
   (EMPNO, PROJID, HOURS) 
 values 
   (7698, 105, 60);

insert into ap_proemp 
   (EMPNO, PROJID, HOURS) 
 values 
   (7788, 105, 42);

insert into ap_proemp 
   (EMPNO, PROJID, HOURS) 
 values 
   (7902, 105, 36);

COMMIT;

insert into ap_salgrade
   (GRADE, LOSAL, HISAL)
 values
   (1, 2100, 3600);
insert into ap_salgrade
   (GRADE, LOSAL, HISAL)
 values
   (2, 3603, 4200);
insert into ap_salgrade
   (GRADE, LOSAL, HISAL)
 values
   (3, 4203, 6000);
insert into ap_salgrade
   (GRADE, LOSAL, HISAL)
 values
   (4, 6003, 9000);
insert into ap_salgrade
   (GRADE, LOSAL, HISAL)
 values
   (5, 9003, 29997);
COMMIT;


ALTER TABLE ap_emp
    ADD CONSTRAINT ap_emp_mgr_fk_1 FOREIGN KEY ( mgr )
        REFERENCES ap_emp ( empno );

  CREATE TABLE ap_employee  
   (	 EMPLOYEE_ID  DOUBLE, 
	 FIRST_NAME  VARCHAR(25), 
	 LAST_NAME  VARCHAR(25), 
	 EMAIL  VARCHAR(25), 
	 PHONE_NUMBER  VARCHAR(25), 
	 HIRE_DATE  DATETIME, 
	 JOB_ID  VARCHAR(25), 
	 SALARY  DOUBLE, 
	 COMMISSION_PCT  DOUBLE, 
	 MANAGER_ID  DOUBLE, 
	 DEPARTMENT_ID  DOUBLE
   )  ;

 ALTER TABLE  ap_employee  ADD CONSTRAINT  ap_employee_PK  PRIMARY KEY ( EMPLOYEE_ID );


 Insert into ap_employee  (EMPLOYEE_ID,FIRST_NAME,LAST_NAME,EMAIL,PHONE_NUMBER,HIRE_DATE,JOB_ID,SALARY,COMMISSION_PCT,MANAGER_ID,DEPARTMENT_ID) values (100,'Steven','King','SKING','515.123.4567',STR_TO_DATE("2017,8,14 10,40,10", "%Y,%m,%d %h,%i,%s"),'AD_PRES',24000,null,null,90);
 Insert into ap_employee  (EMPLOYEE_ID,FIRST_NAME,LAST_NAME,EMAIL,PHONE_NUMBER,HIRE_DATE,JOB_ID,SALARY,COMMISSION_PCT,MANAGER_ID,DEPARTMENT_ID) values (101,'Neena','Kochhar','NKOCHHAR','515.123.4568',STR_TO_DATE('2005,09,21 10,34,09',"%Y,%m,%d %h,%i,%s"),'AD_VP',17000,null,100,90);
 Insert into ap_employee  (EMPLOYEE_ID,FIRST_NAME,LAST_NAME,EMAIL,PHONE_NUMBER,HIRE_DATE,JOB_ID,SALARY,COMMISSION_PCT,MANAGER_ID,DEPARTMENT_ID) values (102,'Lex','De Haan','LDEHAAN','515.123.4569',STR_TO_DATE('2001,01,13 10,34,09',"%Y,%m,%d %h,%i,%s"),'AD_VP',17000,null,100,90);
 Insert into ap_employee  (EMPLOYEE_ID,FIRST_NAME,LAST_NAME,EMAIL,PHONE_NUMBER,HIRE_DATE,JOB_ID,SALARY,COMMISSION_PCT,MANAGER_ID,DEPARTMENT_ID) values (103,'Alexander','Hunold','AHUNOLD','590.423.4567',STR_TO_DATE('2006,01,03 10,34,09',"%Y,%m,%d %h,%i,%s"),'IT_PROG',9000,null,102,60);
 Insert into ap_employee  (EMPLOYEE_ID,FIRST_NAME,LAST_NAME,EMAIL,PHONE_NUMBER,HIRE_DATE,JOB_ID,SALARY,COMMISSION_PCT,MANAGER_ID,DEPARTMENT_ID) values (104,'Bruce','Ernst','BERNST','590.423.4568',STR_TO_DATE('2007,05,21 10,34,09',"%Y,%m,%d %h,%i,%s"),'IT_PROG',6000,null,103,60);
 Insert into ap_employee  (EMPLOYEE_ID,FIRST_NAME,LAST_NAME,EMAIL,PHONE_NUMBER,HIRE_DATE,JOB_ID,SALARY,COMMISSION_PCT,MANAGER_ID,DEPARTMENT_ID) values (105,'David','Austin','DAUSTIN','590.423.4569',STR_TO_DATE('2005,06,25 10,34,09',"%Y,%m,%d %h,%i,%s"),'IT_PROG',4800,null,103,60);
 Insert into ap_employee  (EMPLOYEE_ID,FIRST_NAME,LAST_NAME,EMAIL,PHONE_NUMBER,HIRE_DATE,JOB_ID,SALARY,COMMISSION_PCT,MANAGER_ID,DEPARTMENT_ID) values (106,'Valli','Pataballa','VPATABAL','590.423.4560',STR_TO_DATE('2006,02,05 10,34,09',"%Y,%m,%d %h,%i,%s"),'IT_PROG',4800,null,103,60);
 Insert into ap_employee  (EMPLOYEE_ID,FIRST_NAME,LAST_NAME,EMAIL,PHONE_NUMBER,HIRE_DATE,JOB_ID,SALARY,COMMISSION_PCT,MANAGER_ID,DEPARTMENT_ID) values (107,'Diana','Lorentz','DLORENTZ','590.423.5567',STR_TO_DATE('2007,02,07 10,34,09',"%Y,%m,%d %h,%i,%s"),'IT_PROG',4200,null,103,60);
 Insert into ap_employee  (EMPLOYEE_ID,FIRST_NAME,LAST_NAME,EMAIL,PHONE_NUMBER,HIRE_DATE,JOB_ID,SALARY,COMMISSION_PCT,MANAGER_ID,DEPARTMENT_ID) values (108,'Nancy','Greenberg','NGREENBE','515.124.4569',STR_TO_DATE('2002,08,17 10,34,09',"%Y,%m,%d %h,%i,%s"),'FI_MGR',12008,null,101,100);
 Insert into ap_employee  (EMPLOYEE_ID,FIRST_NAME,LAST_NAME,EMAIL,PHONE_NUMBER,HIRE_DATE,JOB_ID,SALARY,COMMISSION_PCT,MANAGER_ID,DEPARTMENT_ID) values (109,'Daniel','Faviet','DFAVIET','515.124.4169',STR_TO_DATE('2002,08,16 10,34,09',"%Y,%m,%d %h,%i,%s"),'FI_ACCOUNT',9000,null,108,100);
 Insert into ap_employee  (EMPLOYEE_ID,FIRST_NAME,LAST_NAME,EMAIL,PHONE_NUMBER,HIRE_DATE,JOB_ID,SALARY,COMMISSION_PCT,MANAGER_ID,DEPARTMENT_ID) values (110,'John','Chen','JCHEN','515.124.4269',STR_TO_DATE('2005,09,28 10,34,09',"%Y,%m,%d %h,%i,%s"),'FI_ACCOUNT',8200,null,108,100);
 Insert into ap_employee  (EMPLOYEE_ID,FIRST_NAME,LAST_NAME,EMAIL,PHONE_NUMBER,HIRE_DATE,JOB_ID,SALARY,COMMISSION_PCT,MANAGER_ID,DEPARTMENT_ID) values (111,'Ismael','Sciarra','ISCIARRA','515.124.4369',STR_TO_DATE('2005,09,30 10,34,09',"%Y,%m,%d %h,%i,%s"),'FI_ACCOUNT',7700,null,108,100);
 Insert into ap_employee  (EMPLOYEE_ID,FIRST_NAME,LAST_NAME,EMAIL,PHONE_NUMBER,HIRE_DATE,JOB_ID,SALARY,COMMISSION_PCT,MANAGER_ID,DEPARTMENT_ID) values (112,'Jose Manuel','Urman','JMURMAN','515.124.4469',STR_TO_DATE('2006,03,07 10,34,09',"%Y,%m,%d %h,%i,%s"),'FI_ACCOUNT',7800,null,108,100);
 Insert into ap_employee  (EMPLOYEE_ID,FIRST_NAME,LAST_NAME,EMAIL,PHONE_NUMBER,HIRE_DATE,JOB_ID,SALARY,COMMISSION_PCT,MANAGER_ID,DEPARTMENT_ID) values (113,'Luis','Popp','LPOPP','515.124.4567',STR_TO_DATE('2007,12,07 10,34,09',"%Y,%m,%d %h,%i,%s"),'FI_ACCOUNT',6900,null,108,100);
 Insert into ap_employee  (EMPLOYEE_ID,FIRST_NAME,LAST_NAME,EMAIL,PHONE_NUMBER,HIRE_DATE,JOB_ID,SALARY,COMMISSION_PCT,MANAGER_ID,DEPARTMENT_ID) values (114,'Den','Raphaely','DRAPHEAL','515.127.4561',STR_TO_DATE('2002,12,07 10,34,09',"%Y,%m,%d %h,%i,%s"),'PU_MAN',11000,null,100,30);
 Insert into ap_employee  (EMPLOYEE_ID,FIRST_NAME,LAST_NAME,EMAIL,PHONE_NUMBER,HIRE_DATE,JOB_ID,SALARY,COMMISSION_PCT,MANAGER_ID,DEPARTMENT_ID) values (115,'Alexander','Khoo','AKHOO','515.127.4562',STR_TO_DATE('2003,05,18 10,34,09',"%Y,%m,%d %h,%i,%s"),'PU_CLERK',3100,null,114,30);
 Insert into ap_employee  (EMPLOYEE_ID,FIRST_NAME,LAST_NAME,EMAIL,PHONE_NUMBER,HIRE_DATE,JOB_ID,SALARY,COMMISSION_PCT,MANAGER_ID,DEPARTMENT_ID) values (116,'Shelli','Baida','SBAIDA','515.127.4563',STR_TO_DATE('2005,12,24 10,34,09',"%Y,%m,%d %h,%i,%s"),'PU_CLERK',2900,null,114,30);
 Insert into ap_employee  (EMPLOYEE_ID,FIRST_NAME,LAST_NAME,EMAIL,PHONE_NUMBER,HIRE_DATE,JOB_ID,SALARY,COMMISSION_PCT,MANAGER_ID,DEPARTMENT_ID) values (117,'Sigal','Tobias','STOBIAS','515.127.4564',STR_TO_DATE('2005,07,24 10,34,09',"%Y,%m,%d %h,%i,%s"),'PU_CLERK',2800,null,114,30);
 Insert into ap_employee  (EMPLOYEE_ID,FIRST_NAME,LAST_NAME,EMAIL,PHONE_NUMBER,HIRE_DATE,JOB_ID,SALARY,COMMISSION_PCT,MANAGER_ID,DEPARTMENT_ID) values (118,'Guy','Himuro','GHIMURO','515.127.4565',STR_TO_DATE('2006,11,15 10,34,09',"%Y,%m,%d %h,%i,%s"),'PU_CLERK',2600,null,114,30);
 Insert into ap_employee  (EMPLOYEE_ID,FIRST_NAME,LAST_NAME,EMAIL,PHONE_NUMBER,HIRE_DATE,JOB_ID,SALARY,COMMISSION_PCT,MANAGER_ID,DEPARTMENT_ID) values (119,'Karen','Colmenares','KCOLMENA','515.127.4566',STR_TO_DATE('2007,08,10 10,34,09',"%Y,%m,%d %h,%i,%s"),'PU_CLERK',2500,null,114,30);
 Insert into ap_employee  (EMPLOYEE_ID,FIRST_NAME,LAST_NAME,EMAIL,PHONE_NUMBER,HIRE_DATE,JOB_ID,SALARY,COMMISSION_PCT,MANAGER_ID,DEPARTMENT_ID) values (120,'Matthew','Weiss','MWEISS','650.123.1234',STR_TO_DATE('2004,07,18 10,34,09',"%Y,%m,%d %h,%i,%s"),'ST_MAN',8000,null,100,50);
 Insert into ap_employee  (EMPLOYEE_ID,FIRST_NAME,LAST_NAME,EMAIL,PHONE_NUMBER,HIRE_DATE,JOB_ID,SALARY,COMMISSION_PCT,MANAGER_ID,DEPARTMENT_ID) values (121,'Adam','Fripp','AFRIPP','650.123.2234',STR_TO_DATE('2005,04,10 10,34,09',"%Y,%m,%d %h,%i,%s"),'ST_MAN',8200,null,100,50);
 Insert into ap_employee  (EMPLOYEE_ID,FIRST_NAME,LAST_NAME,EMAIL,PHONE_NUMBER,HIRE_DATE,JOB_ID,SALARY,COMMISSION_PCT,MANAGER_ID,DEPARTMENT_ID) values (122,'Payam','Kaufling','PKAUFLIN','650.123.3234',STR_TO_DATE('2003,05,01 10,34,09',"%Y,%m,%d %h,%i,%s"),'ST_MAN',7900,null,100,50);
 Insert into ap_employee  (EMPLOYEE_ID,FIRST_NAME,LAST_NAME,EMAIL,PHONE_NUMBER,HIRE_DATE,JOB_ID,SALARY,COMMISSION_PCT,MANAGER_ID,DEPARTMENT_ID) values (123,'Shanta','Vollman','SVOLLMAN','650.123.4234',STR_TO_DATE('2005,10,10 10,34,09',"%Y,%m,%d %h,%i,%s"),'ST_MAN',6500,null,100,50);
 Insert into ap_employee  (EMPLOYEE_ID,FIRST_NAME,LAST_NAME,EMAIL,PHONE_NUMBER,HIRE_DATE,JOB_ID,SALARY,COMMISSION_PCT,MANAGER_ID,DEPARTMENT_ID) values (124,'Kevin','Mourgos','KMOURGOS','650.123.5234',STR_TO_DATE('2007,11,16 10,34,09',"%Y,%m,%d %h,%i,%s"),'ST_MAN',5800,null,100,50);
 Insert into ap_employee  (EMPLOYEE_ID,FIRST_NAME,LAST_NAME,EMAIL,PHONE_NUMBER,HIRE_DATE,JOB_ID,SALARY,COMMISSION_PCT,MANAGER_ID,DEPARTMENT_ID) values (125,'Julia','Nayer','JNAYER','650.124.1214',STR_TO_DATE('2005,07,16 10,34,09',"%Y,%m,%d %h,%i,%s"),'ST_CLERK',3200,null,120,50);
 Insert into ap_employee  (EMPLOYEE_ID,FIRST_NAME,LAST_NAME,EMAIL,PHONE_NUMBER,HIRE_DATE,JOB_ID,SALARY,COMMISSION_PCT,MANAGER_ID,DEPARTMENT_ID) values (126,'Irene','Mikkilineni','IMIKKILI','650.124.1224',STR_TO_DATE('2006,09,28 10,34,09',"%Y,%m,%d %h,%i,%s"),'ST_CLERK',2700,null,120,50);
 Insert into ap_employee  (EMPLOYEE_ID,FIRST_NAME,LAST_NAME,EMAIL,PHONE_NUMBER,HIRE_DATE,JOB_ID,SALARY,COMMISSION_PCT,MANAGER_ID,DEPARTMENT_ID) values (127,'James','Landry','JLANDRY','650.124.1334',STR_TO_DATE('2007,01,14 10,34,09',"%Y,%m,%d %h,%i,%s"),'ST_CLERK',2400,null,120,50);
 Insert into ap_employee  (EMPLOYEE_ID,FIRST_NAME,LAST_NAME,EMAIL,PHONE_NUMBER,HIRE_DATE,JOB_ID,SALARY,COMMISSION_PCT,MANAGER_ID,DEPARTMENT_ID) values (128,'Steven','Markle','SMARKLE','650.124.1434',STR_TO_DATE('2008,03,08 10,34,09',"%Y,%m,%d %h,%i,%s"),'ST_CLERK',2200,null,120,50);
 Insert into ap_employee  (EMPLOYEE_ID,FIRST_NAME,LAST_NAME,EMAIL,PHONE_NUMBER,HIRE_DATE,JOB_ID,SALARY,COMMISSION_PCT,MANAGER_ID,DEPARTMENT_ID) values (129,'Laura','Bissot','LBISSOT','650.124.5234',STR_TO_DATE('2005,08,20',"%Y,%m,%d %h,%i,%s"),'ST_CLERK',3300,null,121,50);
 Insert into ap_employee  (EMPLOYEE_ID,FIRST_NAME,LAST_NAME,EMAIL,PHONE_NUMBER,HIRE_DATE,JOB_ID,SALARY,COMMISSION_PCT,MANAGER_ID,DEPARTMENT_ID) values (130,'Mozhe','Atkinson','MATKINSO','650.124.6234',STR_TO_DATE('2005,10,30 10,34,09',"%Y,%m,%d %h,%i,%s"),'ST_CLERK',2800,null,121,50);
 Insert into ap_employee  (EMPLOYEE_ID,FIRST_NAME,LAST_NAME,EMAIL,PHONE_NUMBER,HIRE_DATE,JOB_ID,SALARY,COMMISSION_PCT,MANAGER_ID,DEPARTMENT_ID) values (131,'James','Marlow','JAMRLOW','650.124.7234',STR_TO_DATE('2005,02,16 10,34,09',"%Y,%m,%d %h,%i,%s"),'ST_CLERK',2500,null,121,50);
 Insert into ap_employee  (EMPLOYEE_ID,FIRST_NAME,LAST_NAME,EMAIL,PHONE_NUMBER,HIRE_DATE,JOB_ID,SALARY,COMMISSION_PCT,MANAGER_ID,DEPARTMENT_ID) values (132,'TJ','Olson','TJOLSON','650.124.8234',STR_TO_DATE('2007,04,10 10,34,09',"%Y,%m,%d %h,%i,%s"),'ST_CLERK',2100,null,121,50);
 Insert into ap_employee  (EMPLOYEE_ID,FIRST_NAME,LAST_NAME,EMAIL,PHONE_NUMBER,HIRE_DATE,JOB_ID,SALARY,COMMISSION_PCT,MANAGER_ID,DEPARTMENT_ID) values (133,'Jason','Mallin','JMALLIN','650.127.1934',STR_TO_DATE('2004,06,14 10,34,09',"%Y,%m,%d %h,%i,%s"),'ST_CLERK',3300,null,122,50);
 Insert into ap_employee  (EMPLOYEE_ID,FIRST_NAME,LAST_NAME,EMAIL,PHONE_NUMBER,HIRE_DATE,JOB_ID,SALARY,COMMISSION_PCT,MANAGER_ID,DEPARTMENT_ID) values (134,'Michael','Rogers','MROGERS','650.127.1834',STR_TO_DATE('2006,08,26 10,34,09',"%Y,%m,%d %h,%i,%s"),'ST_CLERK',2900,null,122,50);
 Insert into ap_employee  (EMPLOYEE_ID,FIRST_NAME,LAST_NAME,EMAIL,PHONE_NUMBER,HIRE_DATE,JOB_ID,SALARY,COMMISSION_PCT,MANAGER_ID,DEPARTMENT_ID) values (135,'Ki','Gee','KGEE','650.127.1734',STR_TO_DATE('07,12,12 10,34,09',"%Y,%m,%d %h,%i,%s"),'ST_CLERK',2400,null,122,50);
 Insert into ap_employee  (EMPLOYEE_ID,FIRST_NAME,LAST_NAME,EMAIL,PHONE_NUMBER,HIRE_DATE,JOB_ID,SALARY,COMMISSION_PCT,MANAGER_ID,DEPARTMENT_ID) values (136,'Hazel','Philtanker','HPHILTAN','650.127.1634',STR_TO_DATE('2008,02,06 10,34,09',"%Y,%m,%d %h,%i,%s"),'ST_CLERK',2200,null,122,50);
 Insert into ap_employee  (EMPLOYEE_ID,FIRST_NAME,LAST_NAME,EMAIL,PHONE_NUMBER,HIRE_DATE,JOB_ID,SALARY,COMMISSION_PCT,MANAGER_ID,DEPARTMENT_ID) values (137,'Renske','Ladwig','RLADWIG','650.121.1234',STR_TO_DATE('2003,07,14 10,34,09',"%Y,%m,%d %h,%i,%s"),'ST_CLERK',3600,null,123,50);
 Insert into ap_employee  (EMPLOYEE_ID,FIRST_NAME,LAST_NAME,EMAIL,PHONE_NUMBER,HIRE_DATE,JOB_ID,SALARY,COMMISSION_PCT,MANAGER_ID,DEPARTMENT_ID) values (138,'Stephen','Stiles','SSTILES','650.121.2034',STR_TO_DATE('2005,10,26 10,34,09',"%Y,%m,%d %h,%i,%s"),'ST_CLERK',3200,null,123,50);
 Insert into ap_employee  (EMPLOYEE_ID,FIRST_NAME,LAST_NAME,EMAIL,PHONE_NUMBER,HIRE_DATE,JOB_ID,SALARY,COMMISSION_PCT,MANAGER_ID,DEPARTMENT_ID) values (139,'John','Seo','JSEO','650.121.2019',STR_TO_DATE('2006,02,12 10,34,09',"%Y,%m,%d %h,%i,%s"),'ST_CLERK',2700,null,123,50);
 Insert into ap_employee  (EMPLOYEE_ID,FIRST_NAME,LAST_NAME,EMAIL,PHONE_NUMBER,HIRE_DATE,JOB_ID,SALARY,COMMISSION_PCT,MANAGER_ID,DEPARTMENT_ID) values (140,'Joshua','Patel','JPATEL','650.121.1834',STR_TO_DATE('2006,04,06 10,34,09',"%Y,%m,%d %h,%i,%s"),'ST_CLERK',2500,null,123,50);
 Insert into ap_employee  (EMPLOYEE_ID,FIRST_NAME,LAST_NAME,EMAIL,PHONE_NUMBER,HIRE_DATE,JOB_ID,SALARY,COMMISSION_PCT,MANAGER_ID,DEPARTMENT_ID) values (141,'Trenna','Rajs','TRAJS','650.121.8009',STR_TO_DATE('2003,10,17 10,34,09',"%Y,%m,%d %h,%i,%s"),'ST_CLERK',3500,null,124,50);
 Insert into ap_employee  (EMPLOYEE_ID,FIRST_NAME,LAST_NAME,EMAIL,PHONE_NUMBER,HIRE_DATE,JOB_ID,SALARY,COMMISSION_PCT,MANAGER_ID,DEPARTMENT_ID) values (142,'Curtis','Davies','CDAVIES','650.121.2994',STR_TO_DATE('2005,01,29 10,34,09',"%Y,%m,%d %h,%i,%s"),'ST_CLERK',3100,null,124,50);
 Insert into ap_employee  (EMPLOYEE_ID,FIRST_NAME,LAST_NAME,EMAIL,PHONE_NUMBER,HIRE_DATE,JOB_ID,SALARY,COMMISSION_PCT,MANAGER_ID,DEPARTMENT_ID) values (143,'Randall','Matos','RMATOS','650.121.2874',STR_TO_DATE('2006,03,15 10,34,09',"%Y,%m,%d %h,%i,%s"),'ST_CLERK',2600,null,124,50);
 Insert into ap_employee  (EMPLOYEE_ID,FIRST_NAME,LAST_NAME,EMAIL,PHONE_NUMBER,HIRE_DATE,JOB_ID,SALARY,COMMISSION_PCT,MANAGER_ID,DEPARTMENT_ID) values (144,'Peter','Vargas','PVARGAS','650.121.2004',STR_TO_DATE('2006,07,09 10,34,09',"%Y,%m,%d %h,%i,%s"),'ST_CLERK',2500,null,124,50);
 Insert into ap_employee  (EMPLOYEE_ID,FIRST_NAME,LAST_NAME,EMAIL,PHONE_NUMBER,HIRE_DATE,JOB_ID,SALARY,COMMISSION_PCT,MANAGER_ID,DEPARTMENT_ID) values (145,'John','Russell','JRUSSEL','011.44.1344.429268',STR_TO_DATE('2004,10,01 10,34,09',"%Y,%m,%d %h,%i,%s"),'SA_MAN',14000,0.4,100,80);
 Insert into ap_employee  (EMPLOYEE_ID,FIRST_NAME,LAST_NAME,EMAIL,PHONE_NUMBER,HIRE_DATE,JOB_ID,SALARY,COMMISSION_PCT,MANAGER_ID,DEPARTMENT_ID) values (146,'Karen','Partners','KPARTNER','011.44.1344.467268',STR_TO_DATE('2005,01,05 10,34,09',"%Y,%m,%d %h,%i,%s"),'SA_MAN',13500,0.3,100,80);
 Insert into ap_employee  (EMPLOYEE_ID,FIRST_NAME,LAST_NAME,EMAIL,PHONE_NUMBER,HIRE_DATE,JOB_ID,SALARY,COMMISSION_PCT,MANAGER_ID,DEPARTMENT_ID) values (147,'Alberto','Errazuriz','AERRAZUR','011.44.1344.429278',STR_TO_DATE('2005,03,10 10,34,09',"%Y,%m,%d %h,%i,%s"),'SA_MAN',12000,0.3,100,80);
 Insert into ap_employee  (EMPLOYEE_ID,FIRST_NAME,LAST_NAME,EMAIL,PHONE_NUMBER,HIRE_DATE,JOB_ID,SALARY,COMMISSION_PCT,MANAGER_ID,DEPARTMENT_ID) values (148,'Gerald','Cambrault','GCAMBRAU','011.44.1344.619268',STR_TO_DATE('2007,10,15 10,34,09',"%Y,%m,%d %h,%i,%s"),'SA_MAN',11000,0.3,100,80);
 Insert into ap_employee  (EMPLOYEE_ID,FIRST_NAME,LAST_NAME,EMAIL,PHONE_NUMBER,HIRE_DATE,JOB_ID,SALARY,COMMISSION_PCT,MANAGER_ID,DEPARTMENT_ID) values (149,'Eleni','Zlotkey','EZLOTKEY','011.44.1344.429018',STR_TO_DATE('2008,01,29 10,34,09',"%Y,%m,%d %h,%i,%s"),'SA_MAN',10500,0.2,100,80);
 Insert into ap_employee  (EMPLOYEE_ID,FIRST_NAME,LAST_NAME,EMAIL,PHONE_NUMBER,HIRE_DATE,JOB_ID,SALARY,COMMISSION_PCT,MANAGER_ID,DEPARTMENT_ID) values (150,'Peter','Tucker','PTUCKER','011.44.1344.129268',STR_TO_DATE('2005,01,30 10,34,09',"%Y,%m,%d %h,%i,%s"),'SA_REP',10000,0.3,145,80);
 Insert into ap_employee  (EMPLOYEE_ID,FIRST_NAME,LAST_NAME,EMAIL,PHONE_NUMBER,HIRE_DATE,JOB_ID,SALARY,COMMISSION_PCT,MANAGER_ID,DEPARTMENT_ID) values (151,'David','Bernstein','DBERNSTE','011.44.1344.345268',STR_TO_DATE('2005,03,24 10,34,09',"%Y,%m,%d %h,%i,%s"),'SA_REP',9500,0.25,145,80);
 Insert into ap_employee  (EMPLOYEE_ID,FIRST_NAME,LAST_NAME,EMAIL,PHONE_NUMBER,HIRE_DATE,JOB_ID,SALARY,COMMISSION_PCT,MANAGER_ID,DEPARTMENT_ID) values (152,'Peter','Hall','PHALL','011.44.1344.478968',STR_TO_DATE('2005,08,20 10,34,09',"%Y,%m,%d %h,%i,%s"),'SA_REP',9000,0.25,145,80);
 Insert into ap_employee  (EMPLOYEE_ID,FIRST_NAME,LAST_NAME,EMAIL,PHONE_NUMBER,HIRE_DATE,JOB_ID,SALARY,COMMISSION_PCT,MANAGER_ID,DEPARTMENT_ID) values (153,'Christopher','Olsen','COLSEN','011.44.1344.498718',STR_TO_DATE('2006,03,30 10,34,09',"%Y,%m,%d %h,%i,%s"),'SA_REP',8000,0.2,145,80);
 Insert into ap_employee  (EMPLOYEE_ID,FIRST_NAME,LAST_NAME,EMAIL,PHONE_NUMBER,HIRE_DATE,JOB_ID,SALARY,COMMISSION_PCT,MANAGER_ID,DEPARTMENT_ID) values (154,'Nanette','Cambrault','NCAMBRAU','011.44.1344.987668',STR_TO_DATE('2006,12,09 10,34,09',"%Y,%m,%d %h,%i,%s"),'SA_REP',7500,0.2,145,80);
 Insert into ap_employee  (EMPLOYEE_ID,FIRST_NAME,LAST_NAME,EMAIL,PHONE_NUMBER,HIRE_DATE,JOB_ID,SALARY,COMMISSION_PCT,MANAGER_ID,DEPARTMENT_ID) values (155,'Oliver','Tuvault','OTUVAULT','011.44.1344.486508',STR_TO_DATE('2007,11,23 10,34,09',"%Y,%m,%d %h,%i,%s"),'SA_REP',7000,0.15,145,80);
 Insert into ap_employee  (EMPLOYEE_ID,FIRST_NAME,LAST_NAME,EMAIL,PHONE_NUMBER,HIRE_DATE,JOB_ID,SALARY,COMMISSION_PCT,MANAGER_ID,DEPARTMENT_ID) values (156,'Janette','King','JKING','011.44.1345.429268',STR_TO_DATE('2004,01,30 10,34,09',"%Y,%m,%d %h,%i,%s"),'SA_REP',10000,0.35,146,80);
 Insert into ap_employee  (EMPLOYEE_ID,FIRST_NAME,LAST_NAME,EMAIL,PHONE_NUMBER,HIRE_DATE,JOB_ID,SALARY,COMMISSION_PCT,MANAGER_ID,DEPARTMENT_ID) values (157,'Patrick','Sully','PSULLY','011.44.1345.929268',STR_TO_DATE('2004,03,04 10,34,09',"%Y,%m,%d %h,%i,%s"),'SA_REP',9500,0.35,146,80);
 Insert into ap_employee  (EMPLOYEE_ID,FIRST_NAME,LAST_NAME,EMAIL,PHONE_NUMBER,HIRE_DATE,JOB_ID,SALARY,COMMISSION_PCT,MANAGER_ID,DEPARTMENT_ID) values (158,'Allan','McEwen','AMCEWEN','011.44.1345.829268',STR_TO_DATE('2004,08,01 10,34,09',"%Y,%m,%d %h,%i,%s"),'SA_REP',9000,0.35,146,80);
 Insert into ap_employee  (EMPLOYEE_ID,FIRST_NAME,LAST_NAME,EMAIL,PHONE_NUMBER,HIRE_DATE,JOB_ID,SALARY,COMMISSION_PCT,MANAGER_ID,DEPARTMENT_ID) values (159,'Lindsey','Smith','LSMITH','011.44.1345.729268',STR_TO_DATE('2005,03,10 10,34,09',"%Y,%m,%d %h,%i,%s"),'SA_REP',8000,0.3,146,80);
 Insert into ap_employee  (EMPLOYEE_ID,FIRST_NAME,LAST_NAME,EMAIL,PHONE_NUMBER,HIRE_DATE,JOB_ID,SALARY,COMMISSION_PCT,MANAGER_ID,DEPARTMENT_ID) values (160,'Louise','Doran','LDORAN','011.44.1345.629268',STR_TO_DATE('2005,12,15 10,34,09',"%Y,%m,%d %h,%i,%s"),'SA_REP',7500,0.3,146,80);
 Insert into ap_employee  (EMPLOYEE_ID,FIRST_NAME,LAST_NAME,EMAIL,PHONE_NUMBER,HIRE_DATE,JOB_ID,SALARY,COMMISSION_PCT,MANAGER_ID,DEPARTMENT_ID) values (161,'Sarath','Sewall','SSEWALL','011.44.1345.529268',STR_TO_DATE('2006,11,03 10,34,09',"%Y,%m,%d %h,%i,%s"),'SA_REP',7000,0.25,146,80);
 Insert into ap_employee  (EMPLOYEE_ID,FIRST_NAME,LAST_NAME,EMAIL,PHONE_NUMBER,HIRE_DATE,JOB_ID,SALARY,COMMISSION_PCT,MANAGER_ID,DEPARTMENT_ID) values (162,'Clara','Vishney','CVISHNEY','011.44.1346.129268',STR_TO_DATE('2005,11,11 10,34,09',"%Y,%m,%d %h,%i,%s"),'SA_REP',10500,0.25,147,80);
 Insert into ap_employee  (EMPLOYEE_ID,FIRST_NAME,LAST_NAME,EMAIL,PHONE_NUMBER,HIRE_DATE,JOB_ID,SALARY,COMMISSION_PCT,MANAGER_ID,DEPARTMENT_ID) values (163,'Danielle','Greene','DGREENE','011.44.1346.229268',STR_TO_DATE('2007,03,19 10,34,09',"%Y,%m,%d %h,%i,%s"),'SA_REP',9500,0.15,147,80);
 Insert into ap_employee  (EMPLOYEE_ID,FIRST_NAME,LAST_NAME,EMAIL,PHONE_NUMBER,HIRE_DATE,JOB_ID,SALARY,COMMISSION_PCT,MANAGER_ID,DEPARTMENT_ID) values (164,'Mattea','Marvins','MMARVINS','011.44.1346.329268',STR_TO_DATE('2008,01,24 10,34,09',"%Y,%m,%d %h,%i,%s"),'SA_REP',7200,0.1,147,80);
 Insert into ap_employee  (EMPLOYEE_ID,FIRST_NAME,LAST_NAME,EMAIL,PHONE_NUMBER,HIRE_DATE,JOB_ID,SALARY,COMMISSION_PCT,MANAGER_ID,DEPARTMENT_ID) values (165,'David','Lee','DLEE','011.44.1346.529268',STR_TO_DATE('2008,02,23 10,34,09',"%Y,%m,%d %h,%i,%s"),'SA_REP',6800,0.1,147,80);
 Insert into ap_employee  (EMPLOYEE_ID,FIRST_NAME,LAST_NAME,EMAIL,PHONE_NUMBER,HIRE_DATE,JOB_ID,SALARY,COMMISSION_PCT,MANAGER_ID,DEPARTMENT_ID) values (166,'Sundar','Ande','SANDE','011.44.1346.629268',STR_TO_DATE('2008,03,24 10,34,09',"%Y,%m,%d %h,%i,%s"),'SA_REP',6400,0.1,147,80);
 Insert into ap_employee  (EMPLOYEE_ID,FIRST_NAME,LAST_NAME,EMAIL,PHONE_NUMBER,HIRE_DATE,JOB_ID,SALARY,COMMISSION_PCT,MANAGER_ID,DEPARTMENT_ID) values (167,'Amit','Banda','ABANDA','011.44.1346.729268',STR_TO_DATE('2008,04,21 10,34,09' ,"%Y,%m,%d %h,%i,%s"),'SA_REP',6200,0.1,147,80);
 Insert into ap_employee  (EMPLOYEE_ID,FIRST_NAME,LAST_NAME,EMAIL,PHONE_NUMBER,HIRE_DATE,JOB_ID,SALARY,COMMISSION_PCT,MANAGER_ID,DEPARTMENT_ID) values (168,'Lisa','Ozer','LOZER','011.44.1343.929268',STR_TO_DATE('2005,03,11 10,34,09',"%Y,%m,%d %h,%i,%s"),'SA_REP',11500,0.25,148,80);
 Insert into ap_employee  (EMPLOYEE_ID,FIRST_NAME,LAST_NAME,EMAIL,PHONE_NUMBER,HIRE_DATE,JOB_ID,SALARY,COMMISSION_PCT,MANAGER_ID,DEPARTMENT_ID) values (169,'Harrison','Bloom','HBLOOM','011.44.1343.829268',STR_TO_DATE('2006,03,23 10,34,09',"%Y,%m,%d %h,%i,%s"),'SA_REP',10000,0.2,148,80);
 Insert into ap_employee  (EMPLOYEE_ID,FIRST_NAME,LAST_NAME,EMAIL,PHONE_NUMBER,HIRE_DATE,JOB_ID,SALARY,COMMISSION_PCT,MANAGER_ID,DEPARTMENT_ID) values (170,'Tayler','Fox','TFOX','011.44.1343.729268',STR_TO_DATE('2006,01,24 10,34,09',"%Y,%m,%d %h,%i,%s"),'SA_REP',9600,0.2,148,80);
 Insert into ap_employee  (EMPLOYEE_ID,FIRST_NAME,LAST_NAME,EMAIL,PHONE_NUMBER,HIRE_DATE,JOB_ID,SALARY,COMMISSION_PCT,MANAGER_ID,DEPARTMENT_ID) values (171,'William','Smith','WSMITH','011.44.1343.629268',STR_TO_DATE('2007,02,23 10,34,09',"%Y,%m,%d %h,%i,%s"),'SA_REP',7400,0.15,148,80);
 Insert into ap_employee  (EMPLOYEE_ID,FIRST_NAME,LAST_NAME,EMAIL,PHONE_NUMBER,HIRE_DATE,JOB_ID,SALARY,COMMISSION_PCT,MANAGER_ID,DEPARTMENT_ID) values (172,'Elizabeth','Bates','EBATES','011.44.1343.529268',STR_TO_DATE('2007,03,24 10,34,09',"%Y,%m,%d %h,%i,%s"),'SA_REP',7300,0.15,148,80);
 Insert into ap_employee  (EMPLOYEE_ID,FIRST_NAME,LAST_NAME,EMAIL,PHONE_NUMBER,HIRE_DATE,JOB_ID,SALARY,COMMISSION_PCT,MANAGER_ID,DEPARTMENT_ID) values (173,'Sundita','Kumar','SKUMAR','011.44.1343.329268',STR_TO_DATE('2008,04,21 10,34,09',"%Y,%m,%d %h,%i,%s"),'SA_REP',6100,0.1,148,80);
 Insert into ap_employee  (EMPLOYEE_ID,FIRST_NAME,LAST_NAME,EMAIL,PHONE_NUMBER,HIRE_DATE,JOB_ID,SALARY,COMMISSION_PCT,MANAGER_ID,DEPARTMENT_ID) values (174,'Ellen','Abel','EABEL','011.44.1644.429267',STR_TO_DATE('2004,05,11 10,34,09',"%Y,%m,%d %h,%i,%s"),'SA_REP',11000,0.3,149,80);
 Insert into ap_employee  (EMPLOYEE_ID,FIRST_NAME,LAST_NAME,EMAIL,PHONE_NUMBER,HIRE_DATE,JOB_ID,SALARY,COMMISSION_PCT,MANAGER_ID,DEPARTMENT_ID) values (175,'Alyssa','Hutton','AHUTTON','011.44.1644.429266',STR_TO_DATE('2005,03,19 10,34,09',"%Y,%m,%d %h,%i,%s"),'SA_REP',8800,0.25,149,80);
 Insert into ap_employee  (EMPLOYEE_ID,FIRST_NAME,LAST_NAME,EMAIL,PHONE_NUMBER,HIRE_DATE,JOB_ID,SALARY,COMMISSION_PCT,MANAGER_ID,DEPARTMENT_ID) values (176,'Jonathon','Taylor','JTAYLOR','011.44.1644.429265',STR_TO_DATE('2006,03,24 10,34,09',"%Y,%m,%d %h,%i,%s"),'SA_REP',8600,0.2,149,80);
 Insert into ap_employee  (EMPLOYEE_ID,FIRST_NAME,LAST_NAME,EMAIL,PHONE_NUMBER,HIRE_DATE,JOB_ID,SALARY,COMMISSION_PCT,MANAGER_ID,DEPARTMENT_ID) values (177,'Jack','Livingston','JLIVINGS','011.44.1644.429264',STR_TO_DATE('2006,04,23 10,34,09',"%Y,%m,%d %h,%i,%s"),'SA_REP',8400,0.2,149,80);
 Insert into ap_employee  (EMPLOYEE_ID,FIRST_NAME,LAST_NAME,EMAIL,PHONE_NUMBER,HIRE_DATE,JOB_ID,SALARY,COMMISSION_PCT,MANAGER_ID,DEPARTMENT_ID) values (178,'Kimberely','Grant','KGRANT','011.44.1644.429263',STR_TO_DATE('2007,05,24 10,34,09',"%Y,%m,%d %h,%i,%s"),'SA_REP',7000,0.15,149,null);
 Insert into ap_employee  (EMPLOYEE_ID,FIRST_NAME,LAST_NAME,EMAIL,PHONE_NUMBER,HIRE_DATE,JOB_ID,SALARY,COMMISSION_PCT,MANAGER_ID,DEPARTMENT_ID) values (179,'Charles','Johnson','CJOHNSON','011.44.1644.429262',STR_TO_DATE('2008,04,21 10,34,09',"%Y,%m,%d %h,%i,%s"),'SA_REP',6200,0.1,149,80);
 Insert into ap_employee  (EMPLOYEE_ID,FIRST_NAME,LAST_NAME,EMAIL,PHONE_NUMBER,HIRE_DATE,JOB_ID,SALARY,COMMISSION_PCT,MANAGER_ID,DEPARTMENT_ID) values (180,'Winston','Taylor','WTAYLOR','650.507.9876',STR_TO_DATE('2006,01,24 10,34,09',"%Y,%m,%d %h,%i,%s"),'SH_CLERK',3200,null,120,50);
 Insert into ap_employee  (EMPLOYEE_ID,FIRST_NAME,LAST_NAME,EMAIL,PHONE_NUMBER,HIRE_DATE,JOB_ID,SALARY,COMMISSION_PCT,MANAGER_ID,DEPARTMENT_ID) values (181,'Jean','Fleaur','JFLEAUR','650.507.9877',STR_TO_DATE('2006,02,23 10,34,09',"%Y,%m,%d %h,%i,%s"),'SH_CLERK',3100,null,120,50);
 Insert into ap_employee  (EMPLOYEE_ID,FIRST_NAME,LAST_NAME,EMAIL,PHONE_NUMBER,HIRE_DATE,JOB_ID,SALARY,COMMISSION_PCT,MANAGER_ID,DEPARTMENT_ID) values (182,'Martha','Sullivan','MSULLIVA','650.507.9878',STR_TO_DATE('2007,01,16 10,34,09',"%Y,%m,%d %h,%i,%s"),'SH_CLERK',2500,null,120,50);
 Insert into ap_employee  (EMPLOYEE_ID,FIRST_NAME,LAST_NAME,EMAIL,PHONE_NUMBER,HIRE_DATE,JOB_ID,SALARY,COMMISSION_PCT,MANAGER_ID,DEPARTMENT_ID) values (183,'Girard','Geoni','GGEONI','650.507.9879',STR_TO_DATE('2008,02,03 10,34,09',"%Y,%m,%d %h,%i,%s"),'SH_CLERK',2800,null,120,50);
 Insert into ap_employee  (EMPLOYEE_ID,FIRST_NAME,LAST_NAME,EMAIL,PHONE_NUMBER,HIRE_DATE,JOB_ID,SALARY,COMMISSION_PCT,MANAGER_ID,DEPARTMENT_ID) values (184,'Nandita','Sarchand','NSARCHAN','650.509.1876',STR_TO_DATE('2004,01,27 10,34,09',"%Y,%m,%d %h,%i,%s"),'SH_CLERK',4200,null,121,50);
 Insert into ap_employee  (EMPLOYEE_ID,FIRST_NAME,LAST_NAME,EMAIL,PHONE_NUMBER,HIRE_DATE,JOB_ID,SALARY,COMMISSION_PCT,MANAGER_ID,DEPARTMENT_ID) values (185,'Alexis','Bull','ABULL','650.509.2876',STR_TO_DATE('2005,02,20 10,34,09',"%Y,%m,%d %h,%i,%s"),'SH_CLERK',4100,null,121,50);
 Insert into ap_employee  (EMPLOYEE_ID,FIRST_NAME,LAST_NAME,EMAIL,PHONE_NUMBER,HIRE_DATE,JOB_ID,SALARY,COMMISSION_PCT,MANAGER_ID,DEPARTMENT_ID) values (186,'Julia','Dellinger','JDELLING','650.509.3876',STR_TO_DATE('2006,06,24 10,34,09',"%Y,%m,%d %h,%i,%s"),'SH_CLERK',3400,null,121,50);
 Insert into ap_employee  (EMPLOYEE_ID,FIRST_NAME,LAST_NAME,EMAIL,PHONE_NUMBER,HIRE_DATE,JOB_ID,SALARY,COMMISSION_PCT,MANAGER_ID,DEPARTMENT_ID) values (187,'Anthony','Cabrio','ACABRIO','650.509.4876',STR_TO_DATE('2007,02,07 10,34,09',"%Y,%m,%d %h,%i,%s"),'SH_CLERK',3000,null,121,50);
 Insert into ap_employee  (EMPLOYEE_ID,FIRST_NAME,LAST_NAME,EMAIL,PHONE_NUMBER,HIRE_DATE,JOB_ID,SALARY,COMMISSION_PCT,MANAGER_ID,DEPARTMENT_ID) values (188,'Kelly','Chung','KCHUNG','650.505.1876',STR_TO_DATE('2005,06,14 10,34,09',"%Y,%m,%d %h,%i,%s"),'SH_CLERK',3800,null,122,50);
 Insert into ap_employee  (EMPLOYEE_ID,FIRST_NAME,LAST_NAME,EMAIL,PHONE_NUMBER,HIRE_DATE,JOB_ID,SALARY,COMMISSION_PCT,MANAGER_ID,DEPARTMENT_ID) values (189,'Jennifer','Dilly','JDILLY','650.505.2876',STR_TO_DATE('2005,08,13 10,34,09',"%Y,%m,%d %h,%i,%s"),'SH_CLERK',3600,null,122,50);
 Insert into ap_employee  (EMPLOYEE_ID,FIRST_NAME,LAST_NAME,EMAIL,PHONE_NUMBER,HIRE_DATE,JOB_ID,SALARY,COMMISSION_PCT,MANAGER_ID,DEPARTMENT_ID) values (190,'Timothy','Gates','TGATES','650.505.3876',STR_TO_DATE('2006,07,11 10,34,09',"%Y,%m,%d %h,%i,%s"),'SH_CLERK',2900,null,122,50);
 Insert into ap_employee  (EMPLOYEE_ID,FIRST_NAME,LAST_NAME,EMAIL,PHONE_NUMBER,HIRE_DATE,JOB_ID,SALARY,COMMISSION_PCT,MANAGER_ID,DEPARTMENT_ID) values (191,'Randall','Perkins','RPERKINS','650.505.4876',STR_TO_DATE('2007,12,19 10,34,09',"%Y,%m,%d %h,%i,%s"),'SH_CLERK',2500,null,122,50);
 Insert into ap_employee  (EMPLOYEE_ID,FIRST_NAME,LAST_NAME,EMAIL,PHONE_NUMBER,HIRE_DATE,JOB_ID,SALARY,COMMISSION_PCT,MANAGER_ID,DEPARTMENT_ID) values (192,'Sarah','Bell','SBELL','650.501.1876',STR_TO_DATE('2004,02,04 10,34,09',"%Y,%m,%d %h,%i,%s"),'SH_CLERK',4000,null,123,50);
 Insert into ap_employee  (EMPLOYEE_ID,FIRST_NAME,LAST_NAME,EMAIL,PHONE_NUMBER,HIRE_DATE,JOB_ID,SALARY,COMMISSION_PCT,MANAGER_ID,DEPARTMENT_ID) values (193,'Britney','Everett','BEVERETT','650.501.2876',STR_TO_DATE('2005,03,03 10,34,09',"%Y,%m,%d %h,%i,%s"),'SH_CLERK',3900,null,123,50);
 Insert into ap_employee  (EMPLOYEE_ID,FIRST_NAME,LAST_NAME,EMAIL,PHONE_NUMBER,HIRE_DATE,JOB_ID,SALARY,COMMISSION_PCT,MANAGER_ID,DEPARTMENT_ID) values (194,'Samuel','McCain','SMCCAIN','650.501.3876',STR_TO_DATE('2006,07,01 10,34,09',"%Y,%m,%d %h,%i,%s"),'SH_CLERK',3200,null,123,50);
 Insert into ap_employee  (EMPLOYEE_ID,FIRST_NAME,LAST_NAME,EMAIL,PHONE_NUMBER,HIRE_DATE,JOB_ID,SALARY,COMMISSION_PCT,MANAGER_ID,DEPARTMENT_ID) values (195,'Vance','Jones','VJONES','650.501.4876',STR_TO_DATE('2007,03,17 10,34,09',"%Y,%m,%d %h,%i,%s"),'SH_CLERK',2800,null,123,50);
 Insert into ap_employee  (EMPLOYEE_ID,FIRST_NAME,LAST_NAME,EMAIL,PHONE_NUMBER,HIRE_DATE,JOB_ID,SALARY,COMMISSION_PCT,MANAGER_ID,DEPARTMENT_ID) values (196,'Alana','Walsh','AWALSH','650.507.9811',STR_TO_DATE('2006,04,24 10,34,09',"%Y,%m,%d %h,%i,%s"),'SH_CLERK',3100,null,124,50);
 Insert into ap_employee  (EMPLOYEE_ID,FIRST_NAME,LAST_NAME,EMAIL,PHONE_NUMBER,HIRE_DATE,JOB_ID,SALARY,COMMISSION_PCT,MANAGER_ID,DEPARTMENT_ID) values (197,'Kevin','Feeney','KFEENEY','650.507.9822',STR_TO_DATE('2006,05,23 10,34,09',"%Y,%m,%d %h,%i,%s"),'SH_CLERK',3000,null,124,50);
 Insert into ap_employee  (EMPLOYEE_ID,FIRST_NAME,LAST_NAME,EMAIL,PHONE_NUMBER,HIRE_DATE,JOB_ID,SALARY,COMMISSION_PCT,MANAGER_ID,DEPARTMENT_ID) values (198,'Donald','OConnell','DOCONNEL','650.507.9833',STR_TO_DATE('2007,06,21 10,34,09',"%Y,%m,%d %h,%i,%s"),'SH_CLERK',2600,null,124,50);
 Insert into ap_employee  (EMPLOYEE_ID,FIRST_NAME,LAST_NAME,EMAIL,PHONE_NUMBER,HIRE_DATE,JOB_ID,SALARY,COMMISSION_PCT,MANAGER_ID,DEPARTMENT_ID) values (199,'Douglas','Grant','DGRANT','650.507.9844',STR_TO_DATE('2008,01,13 10,34,09',"%Y,%m,%d %h,%i,%s"),'SH_CLERK',2600,null,124,50);
 Insert into ap_employee  (EMPLOYEE_ID,FIRST_NAME,LAST_NAME,EMAIL,PHONE_NUMBER,HIRE_DATE,JOB_ID,SALARY,COMMISSION_PCT,MANAGER_ID,DEPARTMENT_ID) values (200,'Jennifer','Whalen','JWHALEN','515.123.4444',STR_TO_DATE('2003,09,17 10,34,09',"%Y,%m,%d %h,%i,%s"),'AD_ASST',4500,null,101,10);
 Insert into ap_employee  (EMPLOYEE_ID,FIRST_NAME,LAST_NAME,EMAIL,PHONE_NUMBER,HIRE_DATE,JOB_ID,SALARY,COMMISSION_PCT,MANAGER_ID,DEPARTMENT_ID) values (201,'Michael','Hartstein','MHARTSTE','515.123.5555',STR_TO_DATE('2004,02,17 10,34,09',"%Y,%m,%d %h,%i,%s"),'MK_MAN',13000,null,100,20);
 Insert into ap_employee  (EMPLOYEE_ID,FIRST_NAME,LAST_NAME,EMAIL,PHONE_NUMBER,HIRE_DATE,JOB_ID,SALARY,COMMISSION_PCT,MANAGER_ID,DEPARTMENT_ID) values (202,'Pat','Fay','PFAY','603.123.6666',STR_TO_DATE('2005,08,17 10,34,09',"%Y,%m,%d %h,%i,%s"),'MK_REP',6000,null,201,20);
 Insert into ap_employee  (EMPLOYEE_ID,FIRST_NAME,LAST_NAME,EMAIL,PHONE_NUMBER,HIRE_DATE,JOB_ID,SALARY,COMMISSION_PCT,MANAGER_ID,DEPARTMENT_ID) values (203,'Susan','Mavris','SMAVRIS','515.123.7777',STR_TO_DATE('2002,07,07 10,34,09',"%Y,%m,%d %h,%i,%s"),'HR_REP',6500,null,101,40);
 Insert into ap_employee  (EMPLOYEE_ID,FIRST_NAME,LAST_NAME,EMAIL,PHONE_NUMBER,HIRE_DATE,JOB_ID,SALARY,COMMISSION_PCT,MANAGER_ID,DEPARTMENT_ID) values (204,'Hermann','Baer','HBAER','515.123.8888',STR_TO_DATE('2002,06,07 10,34,09',"%Y,%m,%d %h,%i,%s"),'PR_REP',10000,null,101,70);
 Insert into ap_employee  (EMPLOYEE_ID,FIRST_NAME,LAST_NAME,EMAIL,PHONE_NUMBER,HIRE_DATE,JOB_ID,SALARY,COMMISSION_PCT,MANAGER_ID,DEPARTMENT_ID) values (205,'Shelley','Higgins','SHIGGINS','515.123.8080',STR_TO_DATE('2002,06,07 10,34,09',"%Y,%m,%d %h,%i,%s"),'AC_MGR',12008,null,101,110);
 Insert into ap_employee  (EMPLOYEE_ID,FIRST_NAME,LAST_NAME,EMAIL,PHONE_NUMBER,HIRE_DATE,JOB_ID,SALARY,COMMISSION_PCT,MANAGER_ID,DEPARTMENT_ID) values (206,'William','Gietz','WGIETZ','515.123.8181',STR_TO_DATE('2002,06,07 10,34,09',"%Y,%m,%d %h,%i,%s"),'AC_ACCOUNT',8300,null,205,110);

COMMIT;

-- REM,  List of Tables 

select table_name, table_schema
from information_schema.tables
where table_name like 'ap%' and table_schema='practice';

-- REM, List of Table Columns 

select tab.table_schema as database_schema,
    tab.table_name as table_name,
    col.ordinal_position as column_id,
    col.column_name as column_name,
    col.data_type as data_type,
    col.CHARACTER_MAXIMUM_LENGTH,
    col.COLUMN_TYPE,
    col.column_key
from information_schema.tables as tab inner join information_schema.columns as col on tab.table_name=col.table_name
where tab.table_name like 'ap%' and tab.table_schema='practice'
order by table_name;

-- REM, List of Table Column Constraints 

select *
from information_schema.table_constraints
where table_name like 'ap%' and table_schema='practice'
order by table_name;


-- REM, List of Table Column Comments 

select table_schema,table_name,ordinal_position,column_name, column_comment
from information_schema.columns 
where table_name like 'ap%' and table_schema='practice'
order by 1,2,3;

select  count(*) from ap_dept;

select  count(*) from ap_emp;

select  count(*) from ap_project;

select  count(*) from ap_proemp;

select  count(*) from ap_salgrade;
