<?xml version = '1.0' encoding = 'UTF-8'?>
<FKArc class="oracle.dbtools.crest.model.design.relational.FKArc" directorySegmentName="seg_0" id="90B463D5-3DFB-3E14-0057-452FC235CC6A" name="FKArc_1">
<createdBy>cj</createdBy>
<createdTime>2023-11-09 21:14:27 UTC</createdTime>
<ownerDesignName>WOW</ownerDesignName>
<mandatory>true</mandatory>
<reverseArc>true</reverseArc>
<table>7C6ED936-1EC1-E089-3198-7BAEA26FA019</table>
<discriminatorColumn>06D46D8B-7C15-A640-8AF7-5D8600AD1A5F</discriminatorColumn>
<fkeys>
<fkeyID>4146EFED-1AC6-4588-F32A-DA7DE72B625D</fkeyID>
<fkeyID>1325E739-B90A-3B29-38D4-5F707393929C</fkeyID>
</fkeys>
</FKArc>
