<?xml version = '1.0' encoding = 'UTF-8'?>
<FKArc class="oracle.dbtools.crest.model.design.relational.FKArc" directorySegmentName="seg_0" id="DE2F4C09-7E7C-805D-1EE3-5D3FE7C9C28B" name="FKArc_2">
<createdBy>cj</createdBy>
<createdTime>2023-11-09 21:14:27 UTC</createdTime>
<ownerDesignName>WOW</ownerDesignName>
<mandatory>true</mandatory>
<reverseArc>true</reverseArc>
<table>2DA67972-07A6-7D0B-B568-DCA41C8C0E68</table>
<discriminatorColumn>55F89276-8463-BFC4-A4B1-D9B602250D80</discriminatorColumn>
<fkeys>
<fkeyID>F922EDD1-A65F-9DA4-7A57-7923E008C48C</fkeyID>
<fkeyID>75A526BF-8353-56AE-C708-6E2B7AC8CFA6</fkeyID>
</fkeys>
</FKArc>
