-- Replace globally for your table names, i.g. ap_ to your initial_

CREATE TABLE ap_dept (
    deptno   NUMBER(2) NOT NULL,
    dname    VARCHAR2(20) NOT NULL,
    loc      VARCHAR2(20) NOT NULL
);

COMMENT ON COLUMN ap_dept.deptno IS
    'DEPARTMENT ID';

COMMENT ON COLUMN ap_dept.dname IS
    'DEPARTMENT NAME';

COMMENT ON COLUMN ap_dept.loc IS
    'LOCATION OF THE DEPARTMENT';

ALTER TABLE ap_dept ADD CONSTRAINT ap_dept_pk PRIMARY KEY ( deptno );

CREATE TABLE ap_emp (
    empno      NUMBER(4) NOT NULL,
    efname     VARCHAR2(30) NOT NULL,
    elname     VARCHAR2(30) NOT NULL,
    job        VARCHAR2(30) NOT NULL,
    mgr        NUMBER(4),
    hiredate   DATE NOT NULL,
    sal        NUMBER(7, 2) NOT NULL,
    comm       NUMBER (7,2),
    deptno     NUMBER(2) NOT NULL
);

COMMENT ON COLUMN ap_emp.empno IS
    'EMPLOYEE NUMBER';

COMMENT ON COLUMN ap_emp.efname IS
    'EMPLOYEE FIRST NAME';

COMMENT ON COLUMN ap_emp.elname IS
    'EMPLOYEE LAST NAME';

COMMENT ON COLUMN ap_emp.job IS
    'JOB FUNCTION';

COMMENT ON COLUMN ap_emp.mgr IS
    'EMPLOYEE ID OF THE MANAGER';

COMMENT ON COLUMN ap_emp.hiredate IS
    'HIREDATE OF THE EMPLOYEE';

COMMENT ON COLUMN ap_emp.sal IS
    'MONTHLY SAL OF EMPLOYEE IN USD';

COMMENT ON COLUMN ap_emp.comm IS
    'COMMISON IN USD';

ALTER TABLE ap_emp ADD CONSTRAINT ap_emp_pk PRIMARY KEY ( empno );

CREATE TABLE ap_proemp (
    hours    NUMBER(4) NOT NULL,
    empno    NUMBER(4) NOT NULL,
    projid   NUMBER(3) NOT NULL
);

ALTER TABLE ap_proemp ADD CONSTRAINT ap_proemp_pk PRIMARY KEY ( empno,
                                                                projid );

CREATE TABLE ap_project (
    projid      NUMBER(3) NOT NULL,
    pname       VARCHAR2(30) NOT NULL,
    startdate   DATE NOT NULL,
    enddate     DATE NOT NULL
);

COMMENT ON COLUMN ap_project.projid IS
    'PROJECT ID';

COMMENT ON COLUMN ap_project.pname IS
    'PROJECT NAME';

COMMENT ON COLUMN ap_project.startdate IS
    'PROJECT START DATE';

COMMENT ON COLUMN ap_project.enddate IS
    'PROJECT END DATE';

ALTER TABLE ap_project ADD CONSTRAINT ap_project_pk PRIMARY KEY ( projid );

CREATE TABLE ap_salgrade (
    grade   VARCHAR2(2) NOT NULL,
    hisal   NUMBER(7, 2) NOT NULL,
    losal   NUMBER(7, 2) NOT NULL
);

COMMENT ON COLUMN ap_salgrade.grade IS
    'SAL GRADE';

COMMENT ON COLUMN ap_salgrade.hisal IS
    'HIGH SAL RANGE';

COMMENT ON COLUMN ap_salgrade.losal IS
    'LOW SAL RANGE';

ALTER TABLE ap_salgrade ADD CONSTRAINT ap_salgrade_pk PRIMARY KEY ( grade );

ALTER TABLE ap_emp
    ADD CONSTRAINT ap_emp_ap_dept_fk FOREIGN KEY ( deptno )
        REFERENCES ap_dept ( deptno );

ALTER TABLE ap_proemp
    ADD CONSTRAINT ap_proemp_ap_emp_fk FOREIGN KEY ( empno )
        REFERENCES ap_emp ( empno );

ALTER TABLE ap_proemp
    ADD CONSTRAINT ap_proemp_ap_project_fk FOREIGN KEY ( projid )
        REFERENCES ap_project ( projid );


-- DML TO POPULATE DATA

insert into AP_DEPT   (DEPTNO, DNAME, LOC)  values    (10, 'ACCOUNTING', 'NEW YORK');

insert into AP_DEPT    (DEPTNO, DNAME, LOC)  values    (20, 'RESEARCH', 'DALLAS');

insert into AP_DEPT    (DEPTNO, DNAME, LOC)  values    (30, 'SALES', 'CHICAGO');

insert into AP_DEPT    (DEPTNO, DNAME, LOC)  values    (40, 'OPERATIONS', 'BOSTON');

COMMIT;

insert into AP_EMP 
   (EMPNO, EFNAME, ELNAME, JOB, MGR, HIREDATE, SAL,COMM, DEPTNO) 
 values 
   (7369, 'CHARLES','SMITH', 'CLERK', 7902, TO_DATE('10/08/2001 00:00:00', 'MM/DD/YYYY HH24:MI:SS'),  
    2400, NULL,20);

insert into AP_EMP 
   (EMPNO, EFNAME,ELNAME, JOB, MGR, HIREDATE, SAL, COMM, DEPTNO) 
 values 
   (7499,'GRAYSON', 'ALLEN', 'SALESMAN', 7698, TO_DATE('12/12/2001 00:00:00', 'MM/DD/YYYY HH24:MI:SS'),  
    4800, 600, 30);

insert into AP_EMP 
   (EMPNO, EFNAME,ELNAME, JOB, MGR, HIREDATE, SAL, COMM, DEPTNO) 
 values 
   (7521,'MATTHEW' ,'WARD', 'SALESMAN', 7698, TO_DATE('12/14/2001 00:00:00', 'MM/DD/YYYY HH24:MI:SS'),  
    3750, 1000, 30);

insert into AP_EMP 
   (EMPNO, EFNAME,ELNAME ,JOB, MGR, HIREDATE, SAL, DEPTNO) 
 values 
   (7566,'NICHOLAS', 'JONES', 'MANAGER', 7839, TO_DATE('01/22/2002 00:00:00', 'MM/DD/YYYY HH24:MI:SS'),  
    8925, 20);

insert into AP_EMP 
   (EMPNO, EFNAME,ELNAME, JOB, MGR, HIREDATE, SAL, COMM, DEPTNO) 
 values 
   (7654,'CHRIS', 'MARTIN', 'SALESMAN', 7698, TO_DATE('07/20/2002 00:00:00', 'MM/DD/YYYY HH24:MI:SS'),  
    3750, 2800, 30);

insert into AP_EMP 
   (EMPNO, EFNAME, ELNAME, JOB, MGR, HIREDATE, SAL, DEPTNO) 
 values 
   (7698,'BLAKE','GRIFFIN', 'MANAGER', 7839, TO_DATE('02/20/2002 00:00:00', 'MM/DD/YYYY HH24:MI:SS'),  
    8550, 30);

insert into AP_EMP 
   (EMPNO, EFNAME, ELNAME, JOB, MGR, HIREDATE, SAL, DEPTNO) 
 values 
   (7782,'KENT', 'CLARK', 'MANAGER', 7839, TO_DATE('03/31/2002 00:00:00', 'MM/DD/YYYY HH24:MI:SS'),  
    7350, 10);

insert into AP_EMP 
   (EMPNO, EFNAME, ELNAME, JOB, MGR, HIREDATE, SAL, DEPTNO) 
 values 
   (7788,'DEVIN', 'BOOKER', 'ANALYST', 7566, TO_DATE('02/08/2008 00:00:00', 'MM/DD/YYYY HH24:MI:SS'),  
    9000, 20);

insert into AP_EMP 
   (EMPNO, EFNAME, ELNAME, JOB, HIREDATE, SAL, DEPTNO) 
 values 
   (7839,'MARTIN', 'KING', 'PRESIDENT', TO_DATE('09/08/2002 00:00:00', 'MM/DD/YYYY HH24:MI:SS'),  
    15000, 10);

insert into AP_EMP 
   (EMPNO, EFNAME, ELNAME, JOB, MGR, HIREDATE, SAL, COMM, DEPTNO) 
 values 
   (7844,'WILLIAM', 'TURNER', 'SALESMAN', 7698, TO_DATE('06/30/2002 00:00:00', 'MM/DD/YYYY HH24:MI:SS'),  
    4500, 0, 30);

insert into AP_EMP 
   (EMPNO, EFNAME,ELNAME, JOB, MGR, HIREDATE, SAL, DEPTNO) 
 values 
   (7876,'JOHN', 'ADAMS', 'CLERK', 7788, TO_DATE('03/13/2008 00:00:00', 'MM/DD/YYYY HH24:MI:SS'),  
    3300, 20);

insert into AP_EMP 
   (EMPNO,EFNAME, ELNAME, JOB, MGR, HIREDATE, SAL, DEPTNO) 
 values 
   (7900,'LEBRON', 'JAMES', 'CLERK', 7698, TO_DATE('09/24/2002 00:00:00', 'MM/DD/YYYY HH24:MI:SS'),  
    2850, 30);

insert into AP_EMP 
   (EMPNO, EFNAME, ELNAME, JOB, MGR, HIREDATE, SAL, DEPTNO) 
 values 
   (7902, 'CHRISTIAN','FORD', 'ANALYST', 7566, TO_DATE('09/24/2002 00:00:00', 'MM/DD/YYYY HH24:MI:SS'),  
    9000, 20);

insert into AP_EMP 
   (EMPNO, EFNAME, ELNAME, JOB, MGR, HIREDATE, SAL, DEPTNO) 
 values 
   (7934,'MIKE', 'MILLER', 'CLERK', 7782, TO_DATE('11/14/2002 00:00:00', 'MM/DD/YYYY HH24:MI:SS'),  
    3900, 10);

COMMIT;


insert into AP_PROJECT 
   (PROJID, PNAME, STARTDATE, ENDDATE) 
 values 
   (101, ' Upgrade Marketing Database', TO_DATE('04/05/2018 14:08:52', 'MM/DD/YYYY HH24:MI:SS'), TO_DATE('06/24/2018 14:08:52', 'MM/DD/YYYY HH24:MI:SS'));

insert into AP_PROJECT 
   (PROJID, PNAME, STARTDATE, ENDDATE) 
 values 
   (102, ' Create Sales Data Warehouset', TO_DATE('12/16/2017 14:10:57', 'MM/DD/YYYY HH24:MI:SS'), TO_DATE('03/26/2018 14:10:57', 'MM/DD/YYYY HH24:MI:SS'));

insert into AP_PROJECT 
   (PROJID, PNAME, STARTDATE, ENDDATE) 
 values 
   (103, 'Design and Create New DB', TO_DATE('03/16/2018 14:12:33', 'MM/DD/YYYY HH24:MI:SS'), TO_DATE('05/25/2018 14:12:33', 'MM/DD/YYYY HH24:MI:SS'));

insert into AP_PROJECT 
   (PROJID, PNAME, STARTDATE, ENDDATE) 
 values 
   (104, 'Develop Employee Leave System', TO_DATE('05/05/2018 14:14:18', 'MM/DD/YYYY HH24:MI:SS'), TO_DATE('07/24/2018 14:14:18', 'MM/DD/YYYY HH24:MI:SS'));

insert into AP_PROJECT 
   (PROJID, PNAME, STARTDATE, ENDDATE) 
 values 
   (105, 'Design Backup Procedure', TO_DATE('06/09/2018 14:15:48', 'MM/DD/YYYY HH24:MI:SS'), TO_DATE('09/02/2018 14:15:48', 'MM/DD/YYYY HH24:MI:SS'));

COMMIT;


insert into AP_PROEMP 
   (EMPNO, PROJID, HOURS) 
 values 
   (7499, 101, 42);

insert into AP_PROEMP 
   (EMPNO, PROJID, HOURS) 
 values 
   (7566, 101, 30);

insert into AP_PROEMP 
   (EMPNO, PROJID, HOURS) 
 values 
   (7782, 101, 50);

insert into AP_PROEMP 
   (EMPNO, PROJID, HOURS) 
 values 
   (7902, 101, 38);

insert into AP_PROEMP 
   (EMPNO, PROJID, HOURS) 
 values 
   (7521, 102, 60);

insert into AP_PROEMP 
   (EMPNO, PROJID, HOURS) 
 values 
   (7698, 102, 48);

insert into AP_PROEMP 
   (EMPNO, PROJID, HOURS) 
 values 
   (7844, 102, 88);

insert into AP_PROEMP 
   (EMPNO, PROJID, HOURS) 
 values 
   (7654, 102, 68);

insert into AP_PROEMP 
   (EMPNO, PROJID, HOURS) 
 values 
   (7521, 103, 60);

insert into AP_PROEMP 
   (EMPNO, PROJID, HOURS) 
 values 
   (7698, 103, 48);

insert into AP_PROEMP 
   (EMPNO, PROJID, HOURS) 
 values 
   (7788, 103, 28);

insert into AP_PROEMP 
   (EMPNO, PROJID, HOURS) 
 values 
   (7782, 103, 38);

insert into AP_PROEMP 
   (EMPNO, PROJID, HOURS) 
 values 
   (7521, 104, 70);

insert into AP_PROEMP 
   (EMPNO, PROJID, HOURS) 
 values 
   (7698, 104, 50);

insert into AP_PROEMP 
   (EMPNO, PROJID, HOURS) 
 values 
   (7788, 104, 38);

insert into AP_PROEMP 
   (EMPNO, PROJID, HOURS) 
 values 
   (7782, 104, 32);

insert into AP_PROEMP 
   (EMPNO, PROJID, HOURS) 
 values 
   (7566, 105, 75);

insert into AP_PROEMP 
   (EMPNO, PROJID, HOURS) 
 values 
   (7698, 105, 60);

insert into AP_PROEMP 
   (EMPNO, PROJID, HOURS) 
 values 
   (7788, 105, 42);

insert into AP_PROEMP 
   (EMPNO, PROJID, HOURS) 
 values 
   (7902, 105, 36);

COMMIT;

insert into AP_SALGRADE
   (GRADE, LOSAL, HISAL)
 values
   (1, 2100, 3600);
insert into AP_SALGRADE
   (GRADE, LOSAL, HISAL)
 values
   (2, 3603, 4200);
insert into AP_SALGRADE
   (GRADE, LOSAL, HISAL)
 values
   (3, 4203, 6000);
insert into AP_SALGRADE
   (GRADE, LOSAL, HISAL)
 values
   (4, 6003, 9000);
insert into AP_SALGRADE
   (GRADE, LOSAL, HISAL)
 values
   (5, 9003, 29997);
COMMIT;


ALTER TABLE ap_emp
    ADD CONSTRAINT ap_emp_mgr_fk FOREIGN KEY ( mgr )
        REFERENCES ap_emp ( empno );


--------------------------------------------------------
--  DDL for Table AP_EMPLOYEE
--------------------------------------------------------
  CREATE TABLE AP_EMPLOYEE  
   (	 EMPLOYEE_ID  NUMBER, 
	 FIRST_NAME  VARCHAR2(25 BYTE), 
	 LAST_NAME  VARCHAR2(25 BYTE), 
	 EMAIL  VARCHAR2(25 BYTE), 
	 PHONE_NUMBER  VARCHAR2(25 BYTE), 
	 HIRE_DATE  DATE, 
	 JOB_ID  VARCHAR2(25 BYTE), 
	 SALARY  NUMBER, 
	 COMMISSION_PCT  NUMBER, 
	 MANAGER_ID  NUMBER, 
	 DEPARTMENT_ID  NUMBER
   )  ;

  ALTER TABLE  AP_EMPLOYEE  ADD CONSTRAINT  AP_EMPLOYEE_PK  PRIMARY KEY ( EMPLOYEE_ID );


 Insert into AP_EMPLOYEE  (EMPLOYEE_ID,FIRST_NAME,LAST_NAME,EMAIL,PHONE_NUMBER,HIRE_DATE,JOB_ID,SALARY,COMMISSION_PCT,MANAGER_ID,DEPARTMENT_ID) values (100,'Steven','King','SKING','515.123.4567',to_date('17-JUN-03','DD-MON-RR'),'AD_PRES',24000,null,null,90);
 Insert into AP_EMPLOYEE  (EMPLOYEE_ID,FIRST_NAME,LAST_NAME,EMAIL,PHONE_NUMBER,HIRE_DATE,JOB_ID,SALARY,COMMISSION_PCT,MANAGER_ID,DEPARTMENT_ID) values (101,'Neena','Kochhar','NKOCHHAR','515.123.4568',to_date('21-SEP-05','DD-MON-RR'),'AD_VP',17000,null,100,90);
 Insert into AP_EMPLOYEE  (EMPLOYEE_ID,FIRST_NAME,LAST_NAME,EMAIL,PHONE_NUMBER,HIRE_DATE,JOB_ID,SALARY,COMMISSION_PCT,MANAGER_ID,DEPARTMENT_ID) values (102,'Lex','De Haan','LDEHAAN','515.123.4569',to_date('13-JAN-01','DD-MON-RR'),'AD_VP',17000,null,100,90);
 Insert into AP_EMPLOYEE  (EMPLOYEE_ID,FIRST_NAME,LAST_NAME,EMAIL,PHONE_NUMBER,HIRE_DATE,JOB_ID,SALARY,COMMISSION_PCT,MANAGER_ID,DEPARTMENT_ID) values (103,'Alexander','Hunold','AHUNOLD','590.423.4567',to_date('03-JAN-06','DD-MON-RR'),'IT_PROG',9000,null,102,60);
 Insert into AP_EMPLOYEE  (EMPLOYEE_ID,FIRST_NAME,LAST_NAME,EMAIL,PHONE_NUMBER,HIRE_DATE,JOB_ID,SALARY,COMMISSION_PCT,MANAGER_ID,DEPARTMENT_ID) values (104,'Bruce','Ernst','BERNST','590.423.4568',to_date('21-MAY-07','DD-MON-RR'),'IT_PROG',6000,null,103,60);
 Insert into AP_EMPLOYEE  (EMPLOYEE_ID,FIRST_NAME,LAST_NAME,EMAIL,PHONE_NUMBER,HIRE_DATE,JOB_ID,SALARY,COMMISSION_PCT,MANAGER_ID,DEPARTMENT_ID) values (105,'David','Austin','DAUSTIN','590.423.4569',to_date('25-JUN-05','DD-MON-RR'),'IT_PROG',4800,null,103,60);
 Insert into AP_EMPLOYEE  (EMPLOYEE_ID,FIRST_NAME,LAST_NAME,EMAIL,PHONE_NUMBER,HIRE_DATE,JOB_ID,SALARY,COMMISSION_PCT,MANAGER_ID,DEPARTMENT_ID) values (106,'Valli','Pataballa','VPATABAL','590.423.4560',to_date('05-FEB-06','DD-MON-RR'),'IT_PROG',4800,null,103,60);
 Insert into AP_EMPLOYEE  (EMPLOYEE_ID,FIRST_NAME,LAST_NAME,EMAIL,PHONE_NUMBER,HIRE_DATE,JOB_ID,SALARY,COMMISSION_PCT,MANAGER_ID,DEPARTMENT_ID) values (107,'Diana','Lorentz','DLORENTZ','590.423.5567',to_date('07-FEB-07','DD-MON-RR'),'IT_PROG',4200,null,103,60);
 Insert into AP_EMPLOYEE  (EMPLOYEE_ID,FIRST_NAME,LAST_NAME,EMAIL,PHONE_NUMBER,HIRE_DATE,JOB_ID,SALARY,COMMISSION_PCT,MANAGER_ID,DEPARTMENT_ID) values (108,'Nancy','Greenberg','NGREENBE','515.124.4569',to_date('17-AUG-02','DD-MON-RR'),'FI_MGR',12008,null,101,100);
 Insert into AP_EMPLOYEE  (EMPLOYEE_ID,FIRST_NAME,LAST_NAME,EMAIL,PHONE_NUMBER,HIRE_DATE,JOB_ID,SALARY,COMMISSION_PCT,MANAGER_ID,DEPARTMENT_ID) values (109,'Daniel','Faviet','DFAVIET','515.124.4169',to_date('16-AUG-02','DD-MON-RR'),'FI_ACCOUNT',9000,null,108,100);
 Insert into AP_EMPLOYEE  (EMPLOYEE_ID,FIRST_NAME,LAST_NAME,EMAIL,PHONE_NUMBER,HIRE_DATE,JOB_ID,SALARY,COMMISSION_PCT,MANAGER_ID,DEPARTMENT_ID) values (110,'John','Chen','JCHEN','515.124.4269',to_date('28-SEP-05','DD-MON-RR'),'FI_ACCOUNT',8200,null,108,100);
 Insert into AP_EMPLOYEE  (EMPLOYEE_ID,FIRST_NAME,LAST_NAME,EMAIL,PHONE_NUMBER,HIRE_DATE,JOB_ID,SALARY,COMMISSION_PCT,MANAGER_ID,DEPARTMENT_ID) values (111,'Ismael','Sciarra','ISCIARRA','515.124.4369',to_date('30-SEP-05','DD-MON-RR'),'FI_ACCOUNT',7700,null,108,100);
 Insert into AP_EMPLOYEE  (EMPLOYEE_ID,FIRST_NAME,LAST_NAME,EMAIL,PHONE_NUMBER,HIRE_DATE,JOB_ID,SALARY,COMMISSION_PCT,MANAGER_ID,DEPARTMENT_ID) values (112,'Jose Manuel','Urman','JMURMAN','515.124.4469',to_date('07-MAR-06','DD-MON-RR'),'FI_ACCOUNT',7800,null,108,100);
 Insert into AP_EMPLOYEE  (EMPLOYEE_ID,FIRST_NAME,LAST_NAME,EMAIL,PHONE_NUMBER,HIRE_DATE,JOB_ID,SALARY,COMMISSION_PCT,MANAGER_ID,DEPARTMENT_ID) values (113,'Luis','Popp','LPOPP','515.124.4567',to_date('07-DEC-07','DD-MON-RR'),'FI_ACCOUNT',6900,null,108,100);
 Insert into AP_EMPLOYEE  (EMPLOYEE_ID,FIRST_NAME,LAST_NAME,EMAIL,PHONE_NUMBER,HIRE_DATE,JOB_ID,SALARY,COMMISSION_PCT,MANAGER_ID,DEPARTMENT_ID) values (114,'Den','Raphaely','DRAPHEAL','515.127.4561',to_date('07-DEC-02','DD-MON-RR'),'PU_MAN',11000,null,100,30);
 Insert into AP_EMPLOYEE  (EMPLOYEE_ID,FIRST_NAME,LAST_NAME,EMAIL,PHONE_NUMBER,HIRE_DATE,JOB_ID,SALARY,COMMISSION_PCT,MANAGER_ID,DEPARTMENT_ID) values (115,'Alexander','Khoo','AKHOO','515.127.4562',to_date('18-MAY-03','DD-MON-RR'),'PU_CLERK',3100,null,114,30);
 Insert into AP_EMPLOYEE  (EMPLOYEE_ID,FIRST_NAME,LAST_NAME,EMAIL,PHONE_NUMBER,HIRE_DATE,JOB_ID,SALARY,COMMISSION_PCT,MANAGER_ID,DEPARTMENT_ID) values (116,'Shelli','Baida','SBAIDA','515.127.4563',to_date('24-DEC-05','DD-MON-RR'),'PU_CLERK',2900,null,114,30);
 Insert into AP_EMPLOYEE  (EMPLOYEE_ID,FIRST_NAME,LAST_NAME,EMAIL,PHONE_NUMBER,HIRE_DATE,JOB_ID,SALARY,COMMISSION_PCT,MANAGER_ID,DEPARTMENT_ID) values (117,'Sigal','Tobias','STOBIAS','515.127.4564',to_date('24-JUL-05','DD-MON-RR'),'PU_CLERK',2800,null,114,30);
 Insert into AP_EMPLOYEE  (EMPLOYEE_ID,FIRST_NAME,LAST_NAME,EMAIL,PHONE_NUMBER,HIRE_DATE,JOB_ID,SALARY,COMMISSION_PCT,MANAGER_ID,DEPARTMENT_ID) values (118,'Guy','Himuro','GHIMURO','515.127.4565',to_date('15-NOV-06','DD-MON-RR'),'PU_CLERK',2600,null,114,30);
 Insert into AP_EMPLOYEE  (EMPLOYEE_ID,FIRST_NAME,LAST_NAME,EMAIL,PHONE_NUMBER,HIRE_DATE,JOB_ID,SALARY,COMMISSION_PCT,MANAGER_ID,DEPARTMENT_ID) values (119,'Karen','Colmenares','KCOLMENA','515.127.4566',to_date('10-AUG-07','DD-MON-RR'),'PU_CLERK',2500,null,114,30);
 Insert into AP_EMPLOYEE  (EMPLOYEE_ID,FIRST_NAME,LAST_NAME,EMAIL,PHONE_NUMBER,HIRE_DATE,JOB_ID,SALARY,COMMISSION_PCT,MANAGER_ID,DEPARTMENT_ID) values (120,'Matthew','Weiss','MWEISS','650.123.1234',to_date('18-JUL-04','DD-MON-RR'),'ST_MAN',8000,null,100,50);
 Insert into AP_EMPLOYEE  (EMPLOYEE_ID,FIRST_NAME,LAST_NAME,EMAIL,PHONE_NUMBER,HIRE_DATE,JOB_ID,SALARY,COMMISSION_PCT,MANAGER_ID,DEPARTMENT_ID) values (121,'Adam','Fripp','AFRIPP','650.123.2234',to_date('10-APR-05','DD-MON-RR'),'ST_MAN',8200,null,100,50);
 Insert into AP_EMPLOYEE  (EMPLOYEE_ID,FIRST_NAME,LAST_NAME,EMAIL,PHONE_NUMBER,HIRE_DATE,JOB_ID,SALARY,COMMISSION_PCT,MANAGER_ID,DEPARTMENT_ID) values (122,'Payam','Kaufling','PKAUFLIN','650.123.3234',to_date('01-MAY-03','DD-MON-RR'),'ST_MAN',7900,null,100,50);
 Insert into AP_EMPLOYEE  (EMPLOYEE_ID,FIRST_NAME,LAST_NAME,EMAIL,PHONE_NUMBER,HIRE_DATE,JOB_ID,SALARY,COMMISSION_PCT,MANAGER_ID,DEPARTMENT_ID) values (123,'Shanta','Vollman','SVOLLMAN','650.123.4234',to_date('10-OCT-05','DD-MON-RR'),'ST_MAN',6500,null,100,50);
 Insert into AP_EMPLOYEE  (EMPLOYEE_ID,FIRST_NAME,LAST_NAME,EMAIL,PHONE_NUMBER,HIRE_DATE,JOB_ID,SALARY,COMMISSION_PCT,MANAGER_ID,DEPARTMENT_ID) values (124,'Kevin','Mourgos','KMOURGOS','650.123.5234',to_date('16-NOV-07','DD-MON-RR'),'ST_MAN',5800,null,100,50);
 Insert into AP_EMPLOYEE  (EMPLOYEE_ID,FIRST_NAME,LAST_NAME,EMAIL,PHONE_NUMBER,HIRE_DATE,JOB_ID,SALARY,COMMISSION_PCT,MANAGER_ID,DEPARTMENT_ID) values (125,'Julia','Nayer','JNAYER','650.124.1214',to_date('16-JUL-05','DD-MON-RR'),'ST_CLERK',3200,null,120,50);
 Insert into AP_EMPLOYEE  (EMPLOYEE_ID,FIRST_NAME,LAST_NAME,EMAIL,PHONE_NUMBER,HIRE_DATE,JOB_ID,SALARY,COMMISSION_PCT,MANAGER_ID,DEPARTMENT_ID) values (126,'Irene','Mikkilineni','IMIKKILI','650.124.1224',to_date('28-SEP-06','DD-MON-RR'),'ST_CLERK',2700,null,120,50);
 Insert into AP_EMPLOYEE  (EMPLOYEE_ID,FIRST_NAME,LAST_NAME,EMAIL,PHONE_NUMBER,HIRE_DATE,JOB_ID,SALARY,COMMISSION_PCT,MANAGER_ID,DEPARTMENT_ID) values (127,'James','Landry','JLANDRY','650.124.1334',to_date('14-JAN-07','DD-MON-RR'),'ST_CLERK',2400,null,120,50);
 Insert into AP_EMPLOYEE  (EMPLOYEE_ID,FIRST_NAME,LAST_NAME,EMAIL,PHONE_NUMBER,HIRE_DATE,JOB_ID,SALARY,COMMISSION_PCT,MANAGER_ID,DEPARTMENT_ID) values (128,'Steven','Markle','SMARKLE','650.124.1434',to_date('08-MAR-08','DD-MON-RR'),'ST_CLERK',2200,null,120,50);
 Insert into AP_EMPLOYEE  (EMPLOYEE_ID,FIRST_NAME,LAST_NAME,EMAIL,PHONE_NUMBER,HIRE_DATE,JOB_ID,SALARY,COMMISSION_PCT,MANAGER_ID,DEPARTMENT_ID) values (129,'Laura','Bissot','LBISSOT','650.124.5234',to_date('20-AUG-05','DD-MON-RR'),'ST_CLERK',3300,null,121,50);
 Insert into AP_EMPLOYEE  (EMPLOYEE_ID,FIRST_NAME,LAST_NAME,EMAIL,PHONE_NUMBER,HIRE_DATE,JOB_ID,SALARY,COMMISSION_PCT,MANAGER_ID,DEPARTMENT_ID) values (130,'Mozhe','Atkinson','MATKINSO','650.124.6234',to_date('30-OCT-05','DD-MON-RR'),'ST_CLERK',2800,null,121,50);
 Insert into AP_EMPLOYEE  (EMPLOYEE_ID,FIRST_NAME,LAST_NAME,EMAIL,PHONE_NUMBER,HIRE_DATE,JOB_ID,SALARY,COMMISSION_PCT,MANAGER_ID,DEPARTMENT_ID) values (131,'James','Marlow','JAMRLOW','650.124.7234',to_date('16-FEB-05','DD-MON-RR'),'ST_CLERK',2500,null,121,50);
 Insert into AP_EMPLOYEE  (EMPLOYEE_ID,FIRST_NAME,LAST_NAME,EMAIL,PHONE_NUMBER,HIRE_DATE,JOB_ID,SALARY,COMMISSION_PCT,MANAGER_ID,DEPARTMENT_ID) values (132,'TJ','Olson','TJOLSON','650.124.8234',to_date('10-APR-07','DD-MON-RR'),'ST_CLERK',2100,null,121,50);
 Insert into AP_EMPLOYEE  (EMPLOYEE_ID,FIRST_NAME,LAST_NAME,EMAIL,PHONE_NUMBER,HIRE_DATE,JOB_ID,SALARY,COMMISSION_PCT,MANAGER_ID,DEPARTMENT_ID) values (133,'Jason','Mallin','JMALLIN','650.127.1934',to_date('14-JUN-04','DD-MON-RR'),'ST_CLERK',3300,null,122,50);
 Insert into AP_EMPLOYEE  (EMPLOYEE_ID,FIRST_NAME,LAST_NAME,EMAIL,PHONE_NUMBER,HIRE_DATE,JOB_ID,SALARY,COMMISSION_PCT,MANAGER_ID,DEPARTMENT_ID) values (134,'Michael','Rogers','MROGERS','650.127.1834',to_date('26-AUG-06','DD-MON-RR'),'ST_CLERK',2900,null,122,50);
 Insert into AP_EMPLOYEE  (EMPLOYEE_ID,FIRST_NAME,LAST_NAME,EMAIL,PHONE_NUMBER,HIRE_DATE,JOB_ID,SALARY,COMMISSION_PCT,MANAGER_ID,DEPARTMENT_ID) values (135,'Ki','Gee','KGEE','650.127.1734',to_date('12-DEC-07','DD-MON-RR'),'ST_CLERK',2400,null,122,50);
 Insert into AP_EMPLOYEE  (EMPLOYEE_ID,FIRST_NAME,LAST_NAME,EMAIL,PHONE_NUMBER,HIRE_DATE,JOB_ID,SALARY,COMMISSION_PCT,MANAGER_ID,DEPARTMENT_ID) values (136,'Hazel','Philtanker','HPHILTAN','650.127.1634',to_date('06-FEB-08','DD-MON-RR'),'ST_CLERK',2200,null,122,50);
 Insert into AP_EMPLOYEE  (EMPLOYEE_ID,FIRST_NAME,LAST_NAME,EMAIL,PHONE_NUMBER,HIRE_DATE,JOB_ID,SALARY,COMMISSION_PCT,MANAGER_ID,DEPARTMENT_ID) values (137,'Renske','Ladwig','RLADWIG','650.121.1234',to_date('14-JUL-03','DD-MON-RR'),'ST_CLERK',3600,null,123,50);
 Insert into AP_EMPLOYEE  (EMPLOYEE_ID,FIRST_NAME,LAST_NAME,EMAIL,PHONE_NUMBER,HIRE_DATE,JOB_ID,SALARY,COMMISSION_PCT,MANAGER_ID,DEPARTMENT_ID) values (138,'Stephen','Stiles','SSTILES','650.121.2034',to_date('26-OCT-05','DD-MON-RR'),'ST_CLERK',3200,null,123,50);
 Insert into AP_EMPLOYEE  (EMPLOYEE_ID,FIRST_NAME,LAST_NAME,EMAIL,PHONE_NUMBER,HIRE_DATE,JOB_ID,SALARY,COMMISSION_PCT,MANAGER_ID,DEPARTMENT_ID) values (139,'John','Seo','JSEO','650.121.2019',to_date('12-FEB-06','DD-MON-RR'),'ST_CLERK',2700,null,123,50);
 Insert into AP_EMPLOYEE  (EMPLOYEE_ID,FIRST_NAME,LAST_NAME,EMAIL,PHONE_NUMBER,HIRE_DATE,JOB_ID,SALARY,COMMISSION_PCT,MANAGER_ID,DEPARTMENT_ID) values (140,'Joshua','Patel','JPATEL','650.121.1834',to_date('06-APR-06','DD-MON-RR'),'ST_CLERK',2500,null,123,50);
 Insert into AP_EMPLOYEE  (EMPLOYEE_ID,FIRST_NAME,LAST_NAME,EMAIL,PHONE_NUMBER,HIRE_DATE,JOB_ID,SALARY,COMMISSION_PCT,MANAGER_ID,DEPARTMENT_ID) values (141,'Trenna','Rajs','TRAJS','650.121.8009',to_date('17-OCT-03','DD-MON-RR'),'ST_CLERK',3500,null,124,50);
 Insert into AP_EMPLOYEE  (EMPLOYEE_ID,FIRST_NAME,LAST_NAME,EMAIL,PHONE_NUMBER,HIRE_DATE,JOB_ID,SALARY,COMMISSION_PCT,MANAGER_ID,DEPARTMENT_ID) values (142,'Curtis','Davies','CDAVIES','650.121.2994',to_date('29-JAN-05','DD-MON-RR'),'ST_CLERK',3100,null,124,50);
 Insert into AP_EMPLOYEE  (EMPLOYEE_ID,FIRST_NAME,LAST_NAME,EMAIL,PHONE_NUMBER,HIRE_DATE,JOB_ID,SALARY,COMMISSION_PCT,MANAGER_ID,DEPARTMENT_ID) values (143,'Randall','Matos','RMATOS','650.121.2874',to_date('15-MAR-06','DD-MON-RR'),'ST_CLERK',2600,null,124,50);
 Insert into AP_EMPLOYEE  (EMPLOYEE_ID,FIRST_NAME,LAST_NAME,EMAIL,PHONE_NUMBER,HIRE_DATE,JOB_ID,SALARY,COMMISSION_PCT,MANAGER_ID,DEPARTMENT_ID) values (144,'Peter','Vargas','PVARGAS','650.121.2004',to_date('09-JUL-06','DD-MON-RR'),'ST_CLERK',2500,null,124,50);
 Insert into AP_EMPLOYEE  (EMPLOYEE_ID,FIRST_NAME,LAST_NAME,EMAIL,PHONE_NUMBER,HIRE_DATE,JOB_ID,SALARY,COMMISSION_PCT,MANAGER_ID,DEPARTMENT_ID) values (145,'John','Russell','JRUSSEL','011.44.1344.429268',to_date('01-OCT-04','DD-MON-RR'),'SA_MAN',14000,0.4,100,80);
 Insert into AP_EMPLOYEE  (EMPLOYEE_ID,FIRST_NAME,LAST_NAME,EMAIL,PHONE_NUMBER,HIRE_DATE,JOB_ID,SALARY,COMMISSION_PCT,MANAGER_ID,DEPARTMENT_ID) values (146,'Karen','Partners','KPARTNER','011.44.1344.467268',to_date('05-JAN-05','DD-MON-RR'),'SA_MAN',13500,0.3,100,80);
 Insert into AP_EMPLOYEE  (EMPLOYEE_ID,FIRST_NAME,LAST_NAME,EMAIL,PHONE_NUMBER,HIRE_DATE,JOB_ID,SALARY,COMMISSION_PCT,MANAGER_ID,DEPARTMENT_ID) values (147,'Alberto','Errazuriz','AERRAZUR','011.44.1344.429278',to_date('10-MAR-05','DD-MON-RR'),'SA_MAN',12000,0.3,100,80);
 Insert into AP_EMPLOYEE  (EMPLOYEE_ID,FIRST_NAME,LAST_NAME,EMAIL,PHONE_NUMBER,HIRE_DATE,JOB_ID,SALARY,COMMISSION_PCT,MANAGER_ID,DEPARTMENT_ID) values (148,'Gerald','Cambrault','GCAMBRAU','011.44.1344.619268',to_date('15-OCT-07','DD-MON-RR'),'SA_MAN',11000,0.3,100,80);
 Insert into AP_EMPLOYEE  (EMPLOYEE_ID,FIRST_NAME,LAST_NAME,EMAIL,PHONE_NUMBER,HIRE_DATE,JOB_ID,SALARY,COMMISSION_PCT,MANAGER_ID,DEPARTMENT_ID) values (149,'Eleni','Zlotkey','EZLOTKEY','011.44.1344.429018',to_date('29-JAN-08','DD-MON-RR'),'SA_MAN',10500,0.2,100,80);
 Insert into AP_EMPLOYEE  (EMPLOYEE_ID,FIRST_NAME,LAST_NAME,EMAIL,PHONE_NUMBER,HIRE_DATE,JOB_ID,SALARY,COMMISSION_PCT,MANAGER_ID,DEPARTMENT_ID) values (150,'Peter','Tucker','PTUCKER','011.44.1344.129268',to_date('30-JAN-05','DD-MON-RR'),'SA_REP',10000,0.3,145,80);
 Insert into AP_EMPLOYEE  (EMPLOYEE_ID,FIRST_NAME,LAST_NAME,EMAIL,PHONE_NUMBER,HIRE_DATE,JOB_ID,SALARY,COMMISSION_PCT,MANAGER_ID,DEPARTMENT_ID) values (151,'David','Bernstein','DBERNSTE','011.44.1344.345268',to_date('24-MAR-05','DD-MON-RR'),'SA_REP',9500,0.25,145,80);
 Insert into AP_EMPLOYEE  (EMPLOYEE_ID,FIRST_NAME,LAST_NAME,EMAIL,PHONE_NUMBER,HIRE_DATE,JOB_ID,SALARY,COMMISSION_PCT,MANAGER_ID,DEPARTMENT_ID) values (152,'Peter','Hall','PHALL','011.44.1344.478968',to_date('20-AUG-05','DD-MON-RR'),'SA_REP',9000,0.25,145,80);
 Insert into AP_EMPLOYEE  (EMPLOYEE_ID,FIRST_NAME,LAST_NAME,EMAIL,PHONE_NUMBER,HIRE_DATE,JOB_ID,SALARY,COMMISSION_PCT,MANAGER_ID,DEPARTMENT_ID) values (153,'Christopher','Olsen','COLSEN','011.44.1344.498718',to_date('30-MAR-06','DD-MON-RR'),'SA_REP',8000,0.2,145,80);
 Insert into AP_EMPLOYEE  (EMPLOYEE_ID,FIRST_NAME,LAST_NAME,EMAIL,PHONE_NUMBER,HIRE_DATE,JOB_ID,SALARY,COMMISSION_PCT,MANAGER_ID,DEPARTMENT_ID) values (154,'Nanette','Cambrault','NCAMBRAU','011.44.1344.987668',to_date('09-DEC-06','DD-MON-RR'),'SA_REP',7500,0.2,145,80);
 Insert into AP_EMPLOYEE  (EMPLOYEE_ID,FIRST_NAME,LAST_NAME,EMAIL,PHONE_NUMBER,HIRE_DATE,JOB_ID,SALARY,COMMISSION_PCT,MANAGER_ID,DEPARTMENT_ID) values (155,'Oliver','Tuvault','OTUVAULT','011.44.1344.486508',to_date('23-NOV-07','DD-MON-RR'),'SA_REP',7000,0.15,145,80);
 Insert into AP_EMPLOYEE  (EMPLOYEE_ID,FIRST_NAME,LAST_NAME,EMAIL,PHONE_NUMBER,HIRE_DATE,JOB_ID,SALARY,COMMISSION_PCT,MANAGER_ID,DEPARTMENT_ID) values (156,'Janette','King','JKING','011.44.1345.429268',to_date('30-JAN-04','DD-MON-RR'),'SA_REP',10000,0.35,146,80);
 Insert into AP_EMPLOYEE  (EMPLOYEE_ID,FIRST_NAME,LAST_NAME,EMAIL,PHONE_NUMBER,HIRE_DATE,JOB_ID,SALARY,COMMISSION_PCT,MANAGER_ID,DEPARTMENT_ID) values (157,'Patrick','Sully','PSULLY','011.44.1345.929268',to_date('04-MAR-04','DD-MON-RR'),'SA_REP',9500,0.35,146,80);
 Insert into AP_EMPLOYEE  (EMPLOYEE_ID,FIRST_NAME,LAST_NAME,EMAIL,PHONE_NUMBER,HIRE_DATE,JOB_ID,SALARY,COMMISSION_PCT,MANAGER_ID,DEPARTMENT_ID) values (158,'Allan','McEwen','AMCEWEN','011.44.1345.829268',to_date('01-AUG-04','DD-MON-RR'),'SA_REP',9000,0.35,146,80);
 Insert into AP_EMPLOYEE  (EMPLOYEE_ID,FIRST_NAME,LAST_NAME,EMAIL,PHONE_NUMBER,HIRE_DATE,JOB_ID,SALARY,COMMISSION_PCT,MANAGER_ID,DEPARTMENT_ID) values (159,'Lindsey','Smith','LSMITH','011.44.1345.729268',to_date('10-MAR-05','DD-MON-RR'),'SA_REP',8000,0.3,146,80);
 Insert into AP_EMPLOYEE  (EMPLOYEE_ID,FIRST_NAME,LAST_NAME,EMAIL,PHONE_NUMBER,HIRE_DATE,JOB_ID,SALARY,COMMISSION_PCT,MANAGER_ID,DEPARTMENT_ID) values (160,'Louise','Doran','LDORAN','011.44.1345.629268',to_date('15-DEC-05','DD-MON-RR'),'SA_REP',7500,0.3,146,80);
 Insert into AP_EMPLOYEE  (EMPLOYEE_ID,FIRST_NAME,LAST_NAME,EMAIL,PHONE_NUMBER,HIRE_DATE,JOB_ID,SALARY,COMMISSION_PCT,MANAGER_ID,DEPARTMENT_ID) values (161,'Sarath','Sewall','SSEWALL','011.44.1345.529268',to_date('03-NOV-06','DD-MON-RR'),'SA_REP',7000,0.25,146,80);
 Insert into AP_EMPLOYEE  (EMPLOYEE_ID,FIRST_NAME,LAST_NAME,EMAIL,PHONE_NUMBER,HIRE_DATE,JOB_ID,SALARY,COMMISSION_PCT,MANAGER_ID,DEPARTMENT_ID) values (162,'Clara','Vishney','CVISHNEY','011.44.1346.129268',to_date('11-NOV-05','DD-MON-RR'),'SA_REP',10500,0.25,147,80);
 Insert into AP_EMPLOYEE  (EMPLOYEE_ID,FIRST_NAME,LAST_NAME,EMAIL,PHONE_NUMBER,HIRE_DATE,JOB_ID,SALARY,COMMISSION_PCT,MANAGER_ID,DEPARTMENT_ID) values (163,'Danielle','Greene','DGREENE','011.44.1346.229268',to_date('19-MAR-07','DD-MON-RR'),'SA_REP',9500,0.15,147,80);
 Insert into AP_EMPLOYEE  (EMPLOYEE_ID,FIRST_NAME,LAST_NAME,EMAIL,PHONE_NUMBER,HIRE_DATE,JOB_ID,SALARY,COMMISSION_PCT,MANAGER_ID,DEPARTMENT_ID) values (164,'Mattea','Marvins','MMARVINS','011.44.1346.329268',to_date('24-JAN-08','DD-MON-RR'),'SA_REP',7200,0.1,147,80);
 Insert into AP_EMPLOYEE  (EMPLOYEE_ID,FIRST_NAME,LAST_NAME,EMAIL,PHONE_NUMBER,HIRE_DATE,JOB_ID,SALARY,COMMISSION_PCT,MANAGER_ID,DEPARTMENT_ID) values (165,'David','Lee','DLEE','011.44.1346.529268',to_date('23-FEB-08','DD-MON-RR'),'SA_REP',6800,0.1,147,80);
 Insert into AP_EMPLOYEE  (EMPLOYEE_ID,FIRST_NAME,LAST_NAME,EMAIL,PHONE_NUMBER,HIRE_DATE,JOB_ID,SALARY,COMMISSION_PCT,MANAGER_ID,DEPARTMENT_ID) values (166,'Sundar','Ande','SANDE','011.44.1346.629268',to_date('24-MAR-08','DD-MON-RR'),'SA_REP',6400,0.1,147,80);
 Insert into AP_EMPLOYEE  (EMPLOYEE_ID,FIRST_NAME,LAST_NAME,EMAIL,PHONE_NUMBER,HIRE_DATE,JOB_ID,SALARY,COMMISSION_PCT,MANAGER_ID,DEPARTMENT_ID) values (167,'Amit','Banda','ABANDA','011.44.1346.729268',to_date('21-APR-08','DD-MON-RR'),'SA_REP',6200,0.1,147,80);
 Insert into AP_EMPLOYEE  (EMPLOYEE_ID,FIRST_NAME,LAST_NAME,EMAIL,PHONE_NUMBER,HIRE_DATE,JOB_ID,SALARY,COMMISSION_PCT,MANAGER_ID,DEPARTMENT_ID) values (168,'Lisa','Ozer','LOZER','011.44.1343.929268',to_date('11-MAR-05','DD-MON-RR'),'SA_REP',11500,0.25,148,80);
 Insert into AP_EMPLOYEE  (EMPLOYEE_ID,FIRST_NAME,LAST_NAME,EMAIL,PHONE_NUMBER,HIRE_DATE,JOB_ID,SALARY,COMMISSION_PCT,MANAGER_ID,DEPARTMENT_ID) values (169,'Harrison','Bloom','HBLOOM','011.44.1343.829268',to_date('23-MAR-06','DD-MON-RR'),'SA_REP',10000,0.2,148,80);
 Insert into AP_EMPLOYEE  (EMPLOYEE_ID,FIRST_NAME,LAST_NAME,EMAIL,PHONE_NUMBER,HIRE_DATE,JOB_ID,SALARY,COMMISSION_PCT,MANAGER_ID,DEPARTMENT_ID) values (170,'Tayler','Fox','TFOX','011.44.1343.729268',to_date('24-JAN-06','DD-MON-RR'),'SA_REP',9600,0.2,148,80);
 Insert into AP_EMPLOYEE  (EMPLOYEE_ID,FIRST_NAME,LAST_NAME,EMAIL,PHONE_NUMBER,HIRE_DATE,JOB_ID,SALARY,COMMISSION_PCT,MANAGER_ID,DEPARTMENT_ID) values (171,'William','Smith','WSMITH','011.44.1343.629268',to_date('23-FEB-07','DD-MON-RR'),'SA_REP',7400,0.15,148,80);
 Insert into AP_EMPLOYEE  (EMPLOYEE_ID,FIRST_NAME,LAST_NAME,EMAIL,PHONE_NUMBER,HIRE_DATE,JOB_ID,SALARY,COMMISSION_PCT,MANAGER_ID,DEPARTMENT_ID) values (172,'Elizabeth','Bates','EBATES','011.44.1343.529268',to_date('24-MAR-07','DD-MON-RR'),'SA_REP',7300,0.15,148,80);
 Insert into AP_EMPLOYEE  (EMPLOYEE_ID,FIRST_NAME,LAST_NAME,EMAIL,PHONE_NUMBER,HIRE_DATE,JOB_ID,SALARY,COMMISSION_PCT,MANAGER_ID,DEPARTMENT_ID) values (173,'Sundita','Kumar','SKUMAR','011.44.1343.329268',to_date('21-APR-08','DD-MON-RR'),'SA_REP',6100,0.1,148,80);
 Insert into AP_EMPLOYEE  (EMPLOYEE_ID,FIRST_NAME,LAST_NAME,EMAIL,PHONE_NUMBER,HIRE_DATE,JOB_ID,SALARY,COMMISSION_PCT,MANAGER_ID,DEPARTMENT_ID) values (174,'Ellen','Abel','EABEL','011.44.1644.429267',to_date('11-MAY-04','DD-MON-RR'),'SA_REP',11000,0.3,149,80);
 Insert into AP_EMPLOYEE  (EMPLOYEE_ID,FIRST_NAME,LAST_NAME,EMAIL,PHONE_NUMBER,HIRE_DATE,JOB_ID,SALARY,COMMISSION_PCT,MANAGER_ID,DEPARTMENT_ID) values (175,'Alyssa','Hutton','AHUTTON','011.44.1644.429266',to_date('19-MAR-05','DD-MON-RR'),'SA_REP',8800,0.25,149,80);
 Insert into AP_EMPLOYEE  (EMPLOYEE_ID,FIRST_NAME,LAST_NAME,EMAIL,PHONE_NUMBER,HIRE_DATE,JOB_ID,SALARY,COMMISSION_PCT,MANAGER_ID,DEPARTMENT_ID) values (176,'Jonathon','Taylor','JTAYLOR','011.44.1644.429265',to_date('24-MAR-06','DD-MON-RR'),'SA_REP',8600,0.2,149,80);
 Insert into AP_EMPLOYEE  (EMPLOYEE_ID,FIRST_NAME,LAST_NAME,EMAIL,PHONE_NUMBER,HIRE_DATE,JOB_ID,SALARY,COMMISSION_PCT,MANAGER_ID,DEPARTMENT_ID) values (177,'Jack','Livingston','JLIVINGS','011.44.1644.429264',to_date('23-APR-06','DD-MON-RR'),'SA_REP',8400,0.2,149,80);
 Insert into AP_EMPLOYEE  (EMPLOYEE_ID,FIRST_NAME,LAST_NAME,EMAIL,PHONE_NUMBER,HIRE_DATE,JOB_ID,SALARY,COMMISSION_PCT,MANAGER_ID,DEPARTMENT_ID) values (178,'Kimberely','Grant','KGRANT','011.44.1644.429263',to_date('24-MAY-07','DD-MON-RR'),'SA_REP',7000,0.15,149,null);
 Insert into AP_EMPLOYEE  (EMPLOYEE_ID,FIRST_NAME,LAST_NAME,EMAIL,PHONE_NUMBER,HIRE_DATE,JOB_ID,SALARY,COMMISSION_PCT,MANAGER_ID,DEPARTMENT_ID) values (179,'Charles','Johnson','CJOHNSON','011.44.1644.429262',to_date('04-JAN-08','DD-MON-RR'),'SA_REP',6200,0.1,149,80);
 Insert into AP_EMPLOYEE  (EMPLOYEE_ID,FIRST_NAME,LAST_NAME,EMAIL,PHONE_NUMBER,HIRE_DATE,JOB_ID,SALARY,COMMISSION_PCT,MANAGER_ID,DEPARTMENT_ID) values (180,'Winston','Taylor','WTAYLOR','650.507.9876',to_date('24-JAN-06','DD-MON-RR'),'SH_CLERK',3200,null,120,50);
 Insert into AP_EMPLOYEE  (EMPLOYEE_ID,FIRST_NAME,LAST_NAME,EMAIL,PHONE_NUMBER,HIRE_DATE,JOB_ID,SALARY,COMMISSION_PCT,MANAGER_ID,DEPARTMENT_ID) values (181,'Jean','Fleaur','JFLEAUR','650.507.9877',to_date('23-FEB-06','DD-MON-RR'),'SH_CLERK',3100,null,120,50);
 Insert into AP_EMPLOYEE  (EMPLOYEE_ID,FIRST_NAME,LAST_NAME,EMAIL,PHONE_NUMBER,HIRE_DATE,JOB_ID,SALARY,COMMISSION_PCT,MANAGER_ID,DEPARTMENT_ID) values (182,'Martha','Sullivan','MSULLIVA','650.507.9878',to_date('21-JUN-07','DD-MON-RR'),'SH_CLERK',2500,null,120,50);
 Insert into AP_EMPLOYEE  (EMPLOYEE_ID,FIRST_NAME,LAST_NAME,EMAIL,PHONE_NUMBER,HIRE_DATE,JOB_ID,SALARY,COMMISSION_PCT,MANAGER_ID,DEPARTMENT_ID) values (183,'Girard','Geoni','GGEONI','650.507.9879',to_date('03-FEB-08','DD-MON-RR'),'SH_CLERK',2800,null,120,50);
 Insert into AP_EMPLOYEE  (EMPLOYEE_ID,FIRST_NAME,LAST_NAME,EMAIL,PHONE_NUMBER,HIRE_DATE,JOB_ID,SALARY,COMMISSION_PCT,MANAGER_ID,DEPARTMENT_ID) values (184,'Nandita','Sarchand','NSARCHAN','650.509.1876',to_date('27-JAN-04','DD-MON-RR'),'SH_CLERK',4200,null,121,50);
 Insert into AP_EMPLOYEE  (EMPLOYEE_ID,FIRST_NAME,LAST_NAME,EMAIL,PHONE_NUMBER,HIRE_DATE,JOB_ID,SALARY,COMMISSION_PCT,MANAGER_ID,DEPARTMENT_ID) values (185,'Alexis','Bull','ABULL','650.509.2876',to_date('20-FEB-05','DD-MON-RR'),'SH_CLERK',4100,null,121,50);
 Insert into AP_EMPLOYEE  (EMPLOYEE_ID,FIRST_NAME,LAST_NAME,EMAIL,PHONE_NUMBER,HIRE_DATE,JOB_ID,SALARY,COMMISSION_PCT,MANAGER_ID,DEPARTMENT_ID) values (186,'Julia','Dellinger','JDELLING','650.509.3876',to_date('24-JUN-06','DD-MON-RR'),'SH_CLERK',3400,null,121,50);
 Insert into AP_EMPLOYEE  (EMPLOYEE_ID,FIRST_NAME,LAST_NAME,EMAIL,PHONE_NUMBER,HIRE_DATE,JOB_ID,SALARY,COMMISSION_PCT,MANAGER_ID,DEPARTMENT_ID) values (187,'Anthony','Cabrio','ACABRIO','650.509.4876',to_date('07-FEB-07','DD-MON-RR'),'SH_CLERK',3000,null,121,50);
 Insert into AP_EMPLOYEE  (EMPLOYEE_ID,FIRST_NAME,LAST_NAME,EMAIL,PHONE_NUMBER,HIRE_DATE,JOB_ID,SALARY,COMMISSION_PCT,MANAGER_ID,DEPARTMENT_ID) values (188,'Kelly','Chung','KCHUNG','650.505.1876',to_date('14-JUN-05','DD-MON-RR'),'SH_CLERK',3800,null,122,50);
 Insert into AP_EMPLOYEE  (EMPLOYEE_ID,FIRST_NAME,LAST_NAME,EMAIL,PHONE_NUMBER,HIRE_DATE,JOB_ID,SALARY,COMMISSION_PCT,MANAGER_ID,DEPARTMENT_ID) values (189,'Jennifer','Dilly','JDILLY','650.505.2876',to_date('13-AUG-05','DD-MON-RR'),'SH_CLERK',3600,null,122,50);
 Insert into AP_EMPLOYEE  (EMPLOYEE_ID,FIRST_NAME,LAST_NAME,EMAIL,PHONE_NUMBER,HIRE_DATE,JOB_ID,SALARY,COMMISSION_PCT,MANAGER_ID,DEPARTMENT_ID) values (190,'Timothy','Gates','TGATES','650.505.3876',to_date('11-JUL-06','DD-MON-RR'),'SH_CLERK',2900,null,122,50);
 Insert into AP_EMPLOYEE  (EMPLOYEE_ID,FIRST_NAME,LAST_NAME,EMAIL,PHONE_NUMBER,HIRE_DATE,JOB_ID,SALARY,COMMISSION_PCT,MANAGER_ID,DEPARTMENT_ID) values (191,'Randall','Perkins','RPERKINS','650.505.4876',to_date('19-DEC-07','DD-MON-RR'),'SH_CLERK',2500,null,122,50);
 Insert into AP_EMPLOYEE  (EMPLOYEE_ID,FIRST_NAME,LAST_NAME,EMAIL,PHONE_NUMBER,HIRE_DATE,JOB_ID,SALARY,COMMISSION_PCT,MANAGER_ID,DEPARTMENT_ID) values (192,'Sarah','Bell','SBELL','650.501.1876',to_date('04-FEB-04','DD-MON-RR'),'SH_CLERK',4000,null,123,50);
 Insert into AP_EMPLOYEE  (EMPLOYEE_ID,FIRST_NAME,LAST_NAME,EMAIL,PHONE_NUMBER,HIRE_DATE,JOB_ID,SALARY,COMMISSION_PCT,MANAGER_ID,DEPARTMENT_ID) values (193,'Britney','Everett','BEVERETT','650.501.2876',to_date('03-MAR-05','DD-MON-RR'),'SH_CLERK',3900,null,123,50);
 Insert into AP_EMPLOYEE  (EMPLOYEE_ID,FIRST_NAME,LAST_NAME,EMAIL,PHONE_NUMBER,HIRE_DATE,JOB_ID,SALARY,COMMISSION_PCT,MANAGER_ID,DEPARTMENT_ID) values (194,'Samuel','McCain','SMCCAIN','650.501.3876',to_date('01-JUL-06','DD-MON-RR'),'SH_CLERK',3200,null,123,50);
 Insert into AP_EMPLOYEE  (EMPLOYEE_ID,FIRST_NAME,LAST_NAME,EMAIL,PHONE_NUMBER,HIRE_DATE,JOB_ID,SALARY,COMMISSION_PCT,MANAGER_ID,DEPARTMENT_ID) values (195,'Vance','Jones','VJONES','650.501.4876',to_date('17-MAR-07','DD-MON-RR'),'SH_CLERK',2800,null,123,50);
 Insert into AP_EMPLOYEE  (EMPLOYEE_ID,FIRST_NAME,LAST_NAME,EMAIL,PHONE_NUMBER,HIRE_DATE,JOB_ID,SALARY,COMMISSION_PCT,MANAGER_ID,DEPARTMENT_ID) values (196,'Alana','Walsh','AWALSH','650.507.9811',to_date('24-APR-06','DD-MON-RR'),'SH_CLERK',3100,null,124,50);
 Insert into AP_EMPLOYEE  (EMPLOYEE_ID,FIRST_NAME,LAST_NAME,EMAIL,PHONE_NUMBER,HIRE_DATE,JOB_ID,SALARY,COMMISSION_PCT,MANAGER_ID,DEPARTMENT_ID) values (197,'Kevin','Feeney','KFEENEY','650.507.9822',to_date('23-MAY-06','DD-MON-RR'),'SH_CLERK',3000,null,124,50);
 Insert into AP_EMPLOYEE  (EMPLOYEE_ID,FIRST_NAME,LAST_NAME,EMAIL,PHONE_NUMBER,HIRE_DATE,JOB_ID,SALARY,COMMISSION_PCT,MANAGER_ID,DEPARTMENT_ID) values (198,'Donald','OConnell','DOCONNEL','650.507.9833',to_date('21-JUN-07','DD-MON-RR'),'SH_CLERK',2600,null,124,50);
 Insert into AP_EMPLOYEE  (EMPLOYEE_ID,FIRST_NAME,LAST_NAME,EMAIL,PHONE_NUMBER,HIRE_DATE,JOB_ID,SALARY,COMMISSION_PCT,MANAGER_ID,DEPARTMENT_ID) values (199,'Douglas','Grant','DGRANT','650.507.9844',to_date('13-JAN-08','DD-MON-RR'),'SH_CLERK',2600,null,124,50);
 Insert into AP_EMPLOYEE  (EMPLOYEE_ID,FIRST_NAME,LAST_NAME,EMAIL,PHONE_NUMBER,HIRE_DATE,JOB_ID,SALARY,COMMISSION_PCT,MANAGER_ID,DEPARTMENT_ID) values (200,'Jennifer','Whalen','JWHALEN','515.123.4444',to_date('17-SEP-03','DD-MON-RR'),'AD_ASST',4500,null,101,10);
 Insert into AP_EMPLOYEE  (EMPLOYEE_ID,FIRST_NAME,LAST_NAME,EMAIL,PHONE_NUMBER,HIRE_DATE,JOB_ID,SALARY,COMMISSION_PCT,MANAGER_ID,DEPARTMENT_ID) values (201,'Michael','Hartstein','MHARTSTE','515.123.5555',to_date('17-FEB-04','DD-MON-RR'),'MK_MAN',13000,null,100,20);
 Insert into AP_EMPLOYEE  (EMPLOYEE_ID,FIRST_NAME,LAST_NAME,EMAIL,PHONE_NUMBER,HIRE_DATE,JOB_ID,SALARY,COMMISSION_PCT,MANAGER_ID,DEPARTMENT_ID) values (202,'Pat','Fay','PFAY','603.123.6666',to_date('17-AUG-05','DD-MON-RR'),'MK_REP',6000,null,201,20);
 Insert into AP_EMPLOYEE  (EMPLOYEE_ID,FIRST_NAME,LAST_NAME,EMAIL,PHONE_NUMBER,HIRE_DATE,JOB_ID,SALARY,COMMISSION_PCT,MANAGER_ID,DEPARTMENT_ID) values (203,'Susan','Mavris','SMAVRIS','515.123.7777',to_date('07-JUN-02','DD-MON-RR'),'HR_REP',6500,null,101,40);
 Insert into AP_EMPLOYEE  (EMPLOYEE_ID,FIRST_NAME,LAST_NAME,EMAIL,PHONE_NUMBER,HIRE_DATE,JOB_ID,SALARY,COMMISSION_PCT,MANAGER_ID,DEPARTMENT_ID) values (204,'Hermann','Baer','HBAER','515.123.8888',to_date('07-JUN-02','DD-MON-RR'),'PR_REP',10000,null,101,70);
 Insert into AP_EMPLOYEE  (EMPLOYEE_ID,FIRST_NAME,LAST_NAME,EMAIL,PHONE_NUMBER,HIRE_DATE,JOB_ID,SALARY,COMMISSION_PCT,MANAGER_ID,DEPARTMENT_ID) values (205,'Shelley','Higgins','SHIGGINS','515.123.8080',to_date('07-JUN-02','DD-MON-RR'),'AC_MGR',12008,null,101,110);
 Insert into AP_EMPLOYEE  (EMPLOYEE_ID,FIRST_NAME,LAST_NAME,EMAIL,PHONE_NUMBER,HIRE_DATE,JOB_ID,SALARY,COMMISSION_PCT,MANAGER_ID,DEPARTMENT_ID) values (206,'William','Gietz','WGIETZ','515.123.8181',to_date('07-JUN-02','DD-MON-RR'),'AC_ACCOUNT',8300,null,205,110);

COMMIT;


--  DATA DICTIONARY QUERIES
REM:  List of Tables 


select table_name 
from user_tables 
where table_name like 'AP%';

REM: List of Table Columns 


select table_name, column_name,column_id  
from user_tab_columns  
where table_name like 'AP%' 
order by table_name,column_id;

REM: List of Table Column Constraiints 


select table_name,constraint_name,constraint_type,search_condition,index_name,r_constraint_name,delete_rule  
from user_constraints 
where table_name like 'AP%' 
order by table_name;

REM: List of Table Column Comments 


select table_name,column_name,comments 
from user_col_comments 
where table_name like 'AP%' 
order by table_name;

select  count(*) from AP_DEPT;

select  count(*) from AP_EMP;

select  count(*) from AP_PROJECT;

select  count(*) from AP_PROEMP;

select  count(*) from AP_SALGRADE;
