<?xml version = '1.0' encoding = 'UTF-8'?>
<FKIndexAssociation class="oracle.dbtools.crest.model.design.relational.FKIndexAssociation" directorySegmentName="seg_0" id="1325E739-B90A-3B29-38D4-5F707393929C" containerWithKeyObject="1EDE1CAD-6F49-5E00-E2B5-FE1FE74F0FA5" localFKIndex="3454109A-DA5E-A569-6C95-6BDBA7E04867" name="CORPORATE_JC_CUSTOMER_FK">
<createdBy>cj</createdBy>
<createdTime>2023-11-09 21:14:27 UTC</createdTime>
<generatorID>E5346035-A21D-929A-8CE0-005988D0BE14</generatorID>
<ownerDesignName>WOW</ownerDesignName>
<referredTableLongName>JC_CUSTOMER</referredTableLongName>
<arc>90B463D5-3DFB-3E14-0057-452FC235CC6A</arc>
<deleteRule>NO ACTION</deleteRule>
<referredTableID>7C6ED936-1EC1-E089-3198-7BAEA26FA019</referredTableID>
<keyObject>88DB30DB-7E6B-EEE9-D3DE-C2BB07310248</keyObject>
<referredKeyID>88DB30DB-7E6B-EEE9-D3DE-C2BB07310248</referredKeyID>
<mandatory>true</mandatory>
<refColNames>CUST_ID</refColNames>
<transferable>true</transferable>
<rely>false</rely>
<discriminatorValue>C</discriminatorValue>
<columnDependencyConstraintGenerateInDDL>true</columnDependencyConstraintGenerateInDDL>
</FKIndexAssociation>
