<?xml version = '1.0' encoding = 'UTF-8'?>
<FKIndexAssociation class="oracle.dbtools.crest.model.design.relational.FKIndexAssociation" directorySegmentName="seg_0" id="34221B07-39B0-E3EF-85E8-53EDE478F34F" containerWithKeyObject="F5790E08-9826-5579-A2E2-68AD9AFD0CBE" localFKIndex="0561000B-D192-429A-0BA9-53F7AA285BA1" name="JC_PAYMENT_JC_INVOICE_FK">
<createdBy>cj</createdBy>
<createdTime>2023-11-09 21:14:27 UTC</createdTime>
<generatorID>93F9E63C-8AB6-25BD-1545-00D07E406CC5</generatorID>
<ownerDesignName>WOW</ownerDesignName>
<referredTableLongName>JC_INVOICE</referredTableLongName>
<deleteRule>NO ACTION</deleteRule>
<referredTableID>E61B4FB5-ECA1-C747-BC14-AC88F6BD09C7</referredTableID>
<keyObject>5F680960-0877-E516-4148-F9267F4C3CD0</keyObject>
<referredKeyID>5F680960-0877-E516-4148-F9267F4C3CD0</referredKeyID>
<mandatory>true</mandatory>
<refColNames>INVOICE_ID</refColNames>
<transferable>true</transferable>
<rely>false</rely>
<columnDependencyConstraintGenerateInDDL>true</columnDependencyConstraintGenerateInDDL>
</FKIndexAssociation>
