<?xml version = '1.0' encoding = 'UTF-8'?>
<FKIndexAssociation class="oracle.dbtools.crest.model.design.relational.FKIndexAssociation" directorySegmentName="seg_0" id="4146EFED-1AC6-4588-F32A-DA7DE72B625D" containerWithKeyObject="39AF9BC1-C5F2-F5BF-E04B-DAD174FE1BCB" localFKIndex="00469EE1-425A-E81F-47F3-00A858660817" name="INDIVIDUAL_JC_CUSTOMER_FK">
<createdBy>cj</createdBy>
<createdTime>2023-11-09 21:14:27 UTC</createdTime>
<generatorID>EE14FF5D-294B-6715-3719-0F19AAFB7B49</generatorID>
<ownerDesignName>WOW</ownerDesignName>
<referredTableLongName>JC_CUSTOMER</referredTableLongName>
<arc>90B463D5-3DFB-3E14-0057-452FC235CC6A</arc>
<deleteRule>NO ACTION</deleteRule>
<referredTableID>7C6ED936-1EC1-E089-3198-7BAEA26FA019</referredTableID>
<keyObject>88DB30DB-7E6B-EEE9-D3DE-C2BB07310248</keyObject>
<referredKeyID>88DB30DB-7E6B-EEE9-D3DE-C2BB07310248</referredKeyID>
<mandatory>true</mandatory>
<refColNames>CUST_ID</refColNames>
<transferable>true</transferable>
<rely>false</rely>
<discriminatorValue>I</discriminatorValue>
<columnDependencyConstraintGenerateInDDL>true</columnDependencyConstraintGenerateInDDL>
</FKIndexAssociation>
