<?xml version = '1.0' encoding = 'UTF-8'?>
<FKIndexAssociation class="oracle.dbtools.crest.model.design.relational.FKIndexAssociation" directorySegmentName="seg_0" id="42770D8D-C930-0AAB-D4DB-B4B3A9D4C4F4" containerWithKeyObject="7C6ED936-1EC1-E089-3198-7BAEA26FA019" localFKIndex="D1EDB36A-7623-C016-2D6D-FB3AFBD3418E" name="JC_CUSTOMER_JC_SERVICE_FK">
<createdBy>cj</createdBy>
<createdTime>2023-11-09 21:14:27 UTC</createdTime>
<generatorID>8B7A31A7-E05A-7158-5937-26435266D27C</generatorID>
<ownerDesignName>WOW</ownerDesignName>
<referredTableLongName>JC_SERVICE</referredTableLongName>
<deleteRule>NO ACTION</deleteRule>
<referredTableID>D19A6AF7-3897-3EC1-5CE1-7F35C44DBC50</referredTableID>
<keyObject>2B6E0747-5912-BE6D-60DA-FC5CD0983E81</keyObject>
<referredKeyID>2B6E0747-5912-BE6D-60DA-FC5CD0983E81</referredKeyID>
<mandatory>true</mandatory>
<refColNames>SERVICE_ID</refColNames>
<transferable>true</transferable>
<rely>false</rely>
<columnDependencyConstraintGenerateInDDL>true</columnDependencyConstraintGenerateInDDL>
</FKIndexAssociation>
