<?xml version = '1.0' encoding = 'UTF-8'?>
<FKIndexAssociation class="oracle.dbtools.crest.model.design.relational.FKIndexAssociation" directorySegmentName="seg_0" id="4419C59B-17EE-6CFC-4094-53ED6A1D13F0" containerWithKeyObject="39DE640A-9DEF-C23F-F6CE-6D43BC0D7F68" localFKIndex="4F8B1715-6DA4-0F04-C2C3-C83722265297" name="JC_VEHICLE_JC_LOC_FK">
<createdBy>cj</createdBy>
<createdTime>2023-11-09 21:14:27 UTC</createdTime>
<generatorID>AEF982C3-DD27-45D3-4BDD-A3D1E6C6AE39</generatorID>
<ownerDesignName>WOW</ownerDesignName>
<referredTableLongName>JC_LOC</referredTableLongName>
<deleteRule>NO ACTION</deleteRule>
<referredTableID>80BD47A7-9F50-D2FF-3D7F-ABA2299CAB16</referredTableID>
<keyObject>F242FA26-B1FF-E568-891D-5DFFAEF8FEF8</keyObject>
<referredKeyID>F242FA26-B1FF-E568-891D-5DFFAEF8FEF8</referredKeyID>
<mandatory>true</mandatory>
<refColNames>LOC_ID</refColNames>
<transferable>true</transferable>
<rely>false</rely>
<columnDependencyConstraintGenerateInDDL>true</columnDependencyConstraintGenerateInDDL>
</FKIndexAssociation>
