<?xml version = '1.0' encoding = 'UTF-8'?>
<FKIndexAssociation class="oracle.dbtools.crest.model.design.relational.FKIndexAssociation" directorySegmentName="seg_0" id="506419A4-2C97-52EF-DA4E-036FB8370450" containerWithKeyObject="E61B4FB5-ECA1-C747-BC14-AC88F6BD09C7" localFKIndex="CCBBF97E-D48D-44B6-6399-8A0063621844" name="JC_INVOICE_JC_SERVICE_FK">
<createdBy>cj</createdBy>
<createdTime>2023-11-09 21:14:27 UTC</createdTime>
<generatorID>68E98B89-82F9-D31E-12B5-6ED139E722D3</generatorID>
<ownerDesignName>WOW</ownerDesignName>
<referredTableLongName>JC_SERVICE</referredTableLongName>
<deleteRule>NO ACTION</deleteRule>
<referredTableID>D19A6AF7-3897-3EC1-5CE1-7F35C44DBC50</referredTableID>
<keyObject>2B6E0747-5912-BE6D-60DA-FC5CD0983E81</keyObject>
<referredKeyID>2B6E0747-5912-BE6D-60DA-FC5CD0983E81</referredKeyID>
<mandatory>true</mandatory>
<refColNames>SERVICE_ID</refColNames>
<transferable>true</transferable>
<rely>false</rely>
<columnDependencyConstraintGenerateInDDL>true</columnDependencyConstraintGenerateInDDL>
</FKIndexAssociation>
