<?xml version = '1.0' encoding = 'UTF-8'?>
<FKIndexAssociation class="oracle.dbtools.crest.model.design.relational.FKIndexAssociation" directorySegmentName="seg_0" id="75A526BF-8353-56AE-C708-6E2B7AC8CFA6" containerWithKeyObject="79872DA6-B347-A8F2-3A94-60FD1A825240" localFKIndex="AEC549A8-22E0-AF64-096B-C049F53099D7" name="DISCOUNT_INDI_JC_DISCOUNT_FK">
<createdBy>cj</createdBy>
<createdTime>2023-11-09 21:14:27 UTC</createdTime>
<generatorID>902C9452-D489-EB25-C9A6-CD3E880B13A4</generatorID>
<ownerDesignName>WOW</ownerDesignName>
<referredTableLongName>JC_DISCOUNT</referredTableLongName>
<arc>DE2F4C09-7E7C-805D-1EE3-5D3FE7C9C28B</arc>
<deleteRule>NO ACTION</deleteRule>
<referredTableID>2DA67972-07A6-7D0B-B568-DCA41C8C0E68</referredTableID>
<keyObject>5AD814F7-4C55-55EA-73DA-B50ED69D0286</keyObject>
<referredKeyID>5AD814F7-4C55-55EA-73DA-B50ED69D0286</referredKeyID>
<mandatory>true</mandatory>
<refColNames>DISCOUNT_ID</refColNames>
<transferable>true</transferable>
<rely>false</rely>
<discriminatorValue>I</discriminatorValue>
<columnDependencyConstraintGenerateInDDL>true</columnDependencyConstraintGenerateInDDL>
</FKIndexAssociation>
