<?xml version = '1.0' encoding = 'UTF-8'?>
<FKIndexAssociation class="oracle.dbtools.crest.model.design.relational.FKIndexAssociation" directorySegmentName="seg_0" id="A623D371-19F1-BA43-92E4-398BBBF26275" containerWithKeyObject="C8A82543-C02C-EFE5-FC24-33EBFFF7A79F" localFKIndex="625F9932-B48A-7EDB-17B5-84F95BE9CFBF" name="JC_VEHICLE_CLASS_JC_SERVICE_FK">
<createdBy>cj</createdBy>
<createdTime>2023-11-09 21:14:27 UTC</createdTime>
<generatorID>E6EFD3D9-BDDA-52B0-16DC-FD1544376195</generatorID>
<ownerDesignName>WOW</ownerDesignName>
<referredTableLongName>JC_SERVICE</referredTableLongName>
<deleteRule>NO ACTION</deleteRule>
<referredTableID>D19A6AF7-3897-3EC1-5CE1-7F35C44DBC50</referredTableID>
<keyObject>2B6E0747-5912-BE6D-60DA-FC5CD0983E81</keyObject>
<referredKeyID>2B6E0747-5912-BE6D-60DA-FC5CD0983E81</referredKeyID>
<mandatory>true</mandatory>
<refColNames>SERVICE_ID</refColNames>
<transferable>true</transferable>
<rely>false</rely>
<columnDependencyConstraintGenerateInDDL>true</columnDependencyConstraintGenerateInDDL>
</FKIndexAssociation>
