<?xml version = '1.0' encoding = 'UTF-8'?>
<FKIndexAssociation class="oracle.dbtools.crest.model.design.relational.FKIndexAssociation" directorySegmentName="seg_0" id="AA7A2532-9552-DC42-4176-5225BC47F9FC" containerWithKeyObject="D19A6AF7-3897-3EC1-5CE1-7F35C44DBC50" localFKIndex="3C14E794-D3C6-F890-99D5-3EEABFC51270" name="JC_SERVICE_JC_DISCOUNT_FK">
<createdBy>cj</createdBy>
<createdTime>2023-11-09 21:37:39 UTC</createdTime>
<generatorID>7D2F7D15-AC01-00C7-9DC4-3C5DD04516E7</generatorID>
<ownerDesignName>WOW</ownerDesignName>
<referredTableLongName>JC_DISCOUNT</referredTableLongName>
<deleteRule>NO ACTION</deleteRule>
<referredTableID>2DA67972-07A6-7D0B-B568-DCA41C8C0E68</referredTableID>
<keyObject>5AD814F7-4C55-55EA-73DA-B50ED69D0286</keyObject>
<referredKeyID>5AD814F7-4C55-55EA-73DA-B50ED69D0286</referredKeyID>
<mandatory>true</mandatory>
<refColNames>DISCOUNT_ID</refColNames>
<transferable>true</transferable>
<rely>false</rely>
<columnDependencyConstraintGenerateInDDL>true</columnDependencyConstraintGenerateInDDL>
</FKIndexAssociation>
