<?xml version = '1.0' encoding = 'UTF-8'?>
<FKIndexAssociation class="oracle.dbtools.crest.model.design.relational.FKIndexAssociation" directorySegmentName="seg_0" id="ABB71F90-1328-0E90-47B3-C1C3122F1C0D" containerWithKeyObject="39DE640A-9DEF-C23F-F6CE-6D43BC0D7F68" localFKIndex="437F7694-EAE5-DFAA-B69A-50CB6B237F4D" name="JC_VEHICLE_JC_VEHICLE_CLASS_FK">
<createdBy>cj</createdBy>
<createdTime>2023-11-09 21:14:27 UTC</createdTime>
<generatorID>80FEA0A6-A33C-15C2-E9E4-CC4EF50418C3</generatorID>
<ownerDesignName>WOW</ownerDesignName>
<referredTableLongName>JC_VEHICLE_CLASS</referredTableLongName>
<deleteRule>NO ACTION</deleteRule>
<referredTableID>C8A82543-C02C-EFE5-FC24-33EBFFF7A79F</referredTableID>
<keyObject>59598BC8-81D9-5B3D-F6A0-A805828624D3</keyObject>
<referredKeyID>59598BC8-81D9-5B3D-F6A0-A805828624D3</referredKeyID>
<mandatory>true</mandatory>
<refColNames>VEHICLE_ID</refColNames>
<transferable>true</transferable>
<rely>false</rely>
<columnDependencyConstraintGenerateInDDL>true</columnDependencyConstraintGenerateInDDL>
</FKIndexAssociation>
