<?xml version = '1.0' encoding = 'UTF-8'?>
<FKIndexAssociation class="oracle.dbtools.crest.model.design.relational.FKIndexAssociation" directorySegmentName="seg_0" id="CC81A688-3A50-8791-8A7C-E510C3164A4C" containerWithKeyObject="D19A6AF7-3897-3EC1-5CE1-7F35C44DBC50" localFKIndex="9FDE74B2-1A87-A22A-3DFA-9EC62FE3EE85" name="JC_SERVICE_JC_LOC_FK">
<createdBy>cj</createdBy>
<createdTime>2023-11-09 21:14:27 UTC</createdTime>
<generatorID>A44552CD-0664-31D1-A967-F1791927D9F5</generatorID>
<ownerDesignName>WOW</ownerDesignName>
<referredTableLongName>JC_LOC</referredTableLongName>
<deleteRule>NO ACTION</deleteRule>
<referredTableID>80BD47A7-9F50-D2FF-3D7F-ABA2299CAB16</referredTableID>
<keyObject>F242FA26-B1FF-E568-891D-5DFFAEF8FEF8</keyObject>
<referredKeyID>F242FA26-B1FF-E568-891D-5DFFAEF8FEF8</referredKeyID>
<mandatory>true</mandatory>
<refColNames>LOC_ID</refColNames>
<transferable>true</transferable>
<rely>false</rely>
<columnDependencyConstraintGenerateInDDL>true</columnDependencyConstraintGenerateInDDL>
</FKIndexAssociation>
