<?xml version = '1.0' encoding = 'UTF-8'?>
<FKIndexAssociation class="oracle.dbtools.crest.model.design.relational.FKIndexAssociation" directorySegmentName="seg_0" id="DCE986B0-402E-0C0C-4C97-401610E82BB0" containerWithKeyObject="F5790E08-9826-5579-A2E2-68AD9AFD0CBE" localFKIndex="20178A60-A319-7574-F89E-185DF9EAD3C3" name="JC_PAYMENT_JC_CARD_TYPE_FK">
<createdBy>cj</createdBy>
<createdTime>2023-11-09 21:14:27 UTC</createdTime>
<generatorID>19C8C145-7E43-70F8-6A87-F03BF7F9A422</generatorID>
<ownerDesignName>WOW</ownerDesignName>
<referredTableLongName>JC_CARD_TYPE</referredTableLongName>
<deleteRule>NO ACTION</deleteRule>
<referredTableID>B82FEE69-F24B-2866-11F4-0BAD56C0DAB8</referredTableID>
<keyObject>21006C78-572D-8BFA-E4B4-14A6EA21A1DB</keyObject>
<referredKeyID>21006C78-572D-8BFA-E4B4-14A6EA21A1DB</referredKeyID>
<mandatory>true</mandatory>
<refColNames>CARD_TYPE_ID</refColNames>
<transferable>true</transferable>
<rely>false</rely>
<columnDependencyConstraintGenerateInDDL>true</columnDependencyConstraintGenerateInDDL>
</FKIndexAssociation>
