<?xml version = '1.0' encoding = 'UTF-8'?>
<FKIndexAssociation class="oracle.dbtools.crest.model.design.relational.FKIndexAssociation" directorySegmentName="seg_0" id="E2000C15-350D-1EE0-DB4E-7665E7259C5B" containerWithKeyObject="D19A6AF7-3897-3EC1-5CE1-7F35C44DBC50" localFKIndex="E5FCA15B-D4D5-A092-E7AE-8E65EA316676" name="JC_SERVICE_JC_LOC_FKv1">
<createdBy>cj</createdBy>
<createdTime>2023-11-09 21:14:27 UTC</createdTime>
<generatorID>2530F2D5-1422-CFFE-6695-9739C7045122</generatorID>
<ownerDesignName>WOW</ownerDesignName>
<referredTableLongName>JC_LOC</referredTableLongName>
<deleteRule>NO ACTION</deleteRule>
<referredTableID>80BD47A7-9F50-D2FF-3D7F-ABA2299CAB16</referredTableID>
<keyObject>F242FA26-B1FF-E568-891D-5DFFAEF8FEF8</keyObject>
<referredKeyID>F242FA26-B1FF-E568-891D-5DFFAEF8FEF8</referredKeyID>
<mandatory>true</mandatory>
<refColNames>LOC_ID</refColNames>
<transferable>true</transferable>
<rely>false</rely>
<columnDependencyConstraintGenerateInDDL>true</columnDependencyConstraintGenerateInDDL>
</FKIndexAssociation>
