<?xml version = '1.0' encoding = 'UTF-8'?>
<FKIndexAssociation class="oracle.dbtools.crest.model.design.relational.FKIndexAssociation" directorySegmentName="seg_0" id="F922EDD1-A65F-9DA4-7A57-7923E008C48C" containerWithKeyObject="C3700A78-A229-4180-3293-7A00B3AE8FF8" localFKIndex="358332E9-440D-E011-F332-D689A8DD3C0F" name="DISCOUNT_CORP_JC_DISCOUNT_FK">
<createdBy>cj</createdBy>
<createdTime>2023-11-09 21:14:27 UTC</createdTime>
<generatorID>CF3F6158-79D3-43C5-3A5C-14EA962585EE</generatorID>
<ownerDesignName>WOW</ownerDesignName>
<referredTableLongName>JC_DISCOUNT</referredTableLongName>
<arc>DE2F4C09-7E7C-805D-1EE3-5D3FE7C9C28B</arc>
<deleteRule>NO ACTION</deleteRule>
<referredTableID>2DA67972-07A6-7D0B-B568-DCA41C8C0E68</referredTableID>
<keyObject>5AD814F7-4C55-55EA-73DA-B50ED69D0286</keyObject>
<referredKeyID>5AD814F7-4C55-55EA-73DA-B50ED69D0286</referredKeyID>
<mandatory>true</mandatory>
<refColNames>DISCOUNT_ID</refColNames>
<transferable>true</transferable>
<rely>false</rely>
<discriminatorValue>C</discriminatorValue>
<columnDependencyConstraintGenerateInDDL>true</columnDependencyConstraintGenerateInDDL>
</FKIndexAssociation>
