<?xml version = '1.0' encoding = 'UTF-8'?>
<Table class="oracle.dbtools.crest.model.design.relational.Table" directorySegmentName="seg_0" id="1EDE1CAD-6F49-5E00-E2B5-FE1FE74F0FA5" name="CORPORATE">
<createdBy>cj</createdBy>
<createdTime>2023-11-09 21:14:27 UTC</createdTime>
<generatorID>51B44FA3-46E4-53C1-8901-AC7E5D8D62F1</generatorID>
<ownerDesignName>WOW</ownerDesignName>
<allowColumnReorder>false</allowColumnReorder>
<existDependencyGenerateInDDl>true</existDependencyGenerateInDDl>
<parsed>true</parsed>
<columns itemClass="oracle.dbtools.crest.model.design.relational.Column">
<Column name="CUST_ID" id="9FE5207E-B59D-B423-FD80-E206B1B7C4B7">
<createdBy>cj</createdBy>
<createdTime>2023-11-09 21:14:27 UTC</createdTime>
<generatorID>11144BF7-8309-1511-0BFB-7008151CD636</generatorID>
<ownerDesignName>WOW</ownerDesignName>
<useDomainConstraints>false</useDomainConstraints>
<use>1</use>
<logicalDatatype>LOGDT019</logicalDatatype>
<dataTypePrecision>5</dataTypePrecision>
<ownDataTypeParameters>,,</ownDataTypeParameters>
<autoIncrementCycle>false</autoIncrementCycle>
<associations>
<colAssociation fkAssociation="1325E739-B90A-3B29-38D4-5F707393929C" referredColumn="930DF10C-06B5-9965-A31C-0C63FCCA3211"/>
</associations>
</Column>
<Column name="EMP_ID" id="C72E3D18-EFE3-1E55-412F-D2FAD9C1C394">
<createdBy>cj</createdBy>
<createdTime>2023-11-09 21:14:27 UTC</createdTime>
<generatorID>C075D885-6FBD-1852-6979-7D634C8BF7CE</generatorID>
<ownerDesignName>WOW</ownerDesignName>
<useDomainConstraints>false</useDomainConstraints>
<use>1</use>
<logicalDatatype>LOGDT019</logicalDatatype>
<dataTypePrecision>5</dataTypePrecision>
<ownDataTypeParameters>,5,</ownDataTypeParameters>
<autoIncrementCycle>false</autoIncrementCycle>
</Column>
<Column name="CORP_NAME" id="46F73187-1498-9A7B-D40A-C52C60F4E476">
<createdBy>cj</createdBy>
<createdTime>2023-11-09 21:14:27 UTC</createdTime>
<generatorID>6AB7038F-46BE-8FF8-6A2D-BA5C3E64B32F</generatorID>
<ownerDesignName>WOW</ownerDesignName>
<useDomainConstraints>false</useDomainConstraints>
<use>1</use>
<logicalDatatype>LOGDT024</logicalDatatype>
<dataTypeSize>30</dataTypeSize>
<ownDataTypeParameters>30,,</ownDataTypeParameters>
<autoIncrementCycle>false</autoIncrementCycle>
</Column>
<Column name="REG_NO" id="05C744A1-FCF9-9A34-3F0B-36B1D140B780">
<createdBy>cj</createdBy>
<createdTime>2023-11-09 21:14:27 UTC</createdTime>
<generatorID>A871D2C1-9D3E-4B83-A901-ACD4E15B3EC3</generatorID>
<ownerDesignName>WOW</ownerDesignName>
<useDomainConstraints>false</useDomainConstraints>
<use>1</use>
<logicalDatatype>LOGDT024</logicalDatatype>
<dataTypeSize>9</dataTypeSize>
<ownDataTypeParameters>9,,</ownDataTypeParameters>
<autoIncrementCycle>false</autoIncrementCycle>
</Column>
</columns>
<indexes itemClass="oracle.dbtools.crest.model.design.relational.Index">
<ind_PK_UK id="BA117EDD-466A-3D78-EB17-5F25C650D711" name="CORPORATE_PK">
<createdBy>cj</createdBy>
<createdTime>2023-11-09 21:14:27 UTC</createdTime>
<generatorID>76BCCE2C-9758-A950-D531-F5DEBBA45A35</generatorID>
<ownerDesignName>WOW</ownerDesignName>
<pk>true</pk>
<indexState>Primary Constraint</indexState>
<isSurrogateKey>false</isSurrogateKey>
<indexColumnUsage>
<colUsage columnID="9FE5207E-B59D-B423-FD80-E206B1B7C4B7"/>
</indexColumnUsage>
</ind_PK_UK>
<ind_PK_UK id="EABB256B-F007-E15E-886A-D1DD7077C283" name="CORPORATE_PKv1">
<createdBy>cj</createdBy>
<createdTime>2023-11-09 21:14:27 UTC</createdTime>
<generatorID>33756CC5-A3DD-7110-89E1-89976672AC51</generatorID>
<ownerDesignName>WOW</ownerDesignName>
<indexState>Unique Constraint</indexState>
<isSurrogateKey>false</isSurrogateKey>
<indexColumnUsage>
<colUsage columnID="C72E3D18-EFE3-1E55-412F-D2FAD9C1C394"/>
</indexColumnUsage>
</ind_PK_UK>
<ind_PK_UK id="3454109A-DA5E-A569-6C95-6BDBA7E04867" name="CORPORATE_JC_CUSTOMER_FK">
<createdBy>cj</createdBy>
<createdTime>2023-11-09 21:14:27 UTC</createdTime>
<generatorID>E5346035-A21D-929A-8CE0-005988D0BE14</generatorID>
<ownerDesignName>WOW</ownerDesignName>
<indexState>Foreign Key</indexState>
<isSurrogateKey>false</isSurrogateKey>
<indexColumnUsage>
<colUsage columnID="9FE5207E-B59D-B423-FD80-E206B1B7C4B7"/>
</indexColumnUsage>
</ind_PK_UK>
</indexes>
</Table>
