<?xml version = '1.0' encoding = 'UTF-8'?>
<Table class="oracle.dbtools.crest.model.design.relational.Table" directorySegmentName="seg_0" id="2DA67972-07A6-7D0B-B568-DCA41C8C0E68" name="JC_DISCOUNT">
<createdBy>cj</createdBy>
<createdTime>2023-11-09 21:14:27 UTC</createdTime>
<generatorID>6BE357E5-1653-44D5-C367-3A2259614DC6</generatorID>
<ownerDesignName>WOW</ownerDesignName>
<allowColumnReorder>false</allowColumnReorder>
<existDependencyGenerateInDDl>true</existDependencyGenerateInDDl>
<parsed>true</parsed>
<columns itemClass="oracle.dbtools.crest.model.design.relational.Column">
<Column name="DISCOUNT_ID" id="FD05CED0-5A33-00EF-0FBE-4EA6946D6CE7">
<createdBy>cj</createdBy>
<createdTime>2023-11-09 21:14:27 UTC</createdTime>
<generatorID>240B3FC1-E799-1DE0-889E-B386EE9E3791</generatorID>
<ownerDesignName>WOW</ownerDesignName>
<useDomainConstraints>false</useDomainConstraints>
<use>1</use>
<logicalDatatype>LOGDT019</logicalDatatype>
<dataTypePrecision>5</dataTypePrecision>
<ownDataTypeParameters>,5,</ownDataTypeParameters>
<autoIncrementCycle>false</autoIncrementCycle>
</Column>
<Column name="DISCOUNT_TYPE" id="B0F46E79-0867-45A3-5155-CB1032DC696F">
<createdBy>cj</createdBy>
<createdTime>2023-11-09 21:14:27 UTC</createdTime>
<generatorID>7A8B4845-CFE2-21C3-1EEC-6BEB632D2C21</generatorID>
<ownerDesignName>WOW</ownerDesignName>
<useDomainConstraints>false</useDomainConstraints>
<use>1</use>
<logicalDatatype>LOGDT024</logicalDatatype>
<dataTypeSize>1</dataTypeSize>
<ownDataTypeParameters>1,,</ownDataTypeParameters>
<autoIncrementCycle>false</autoIncrementCycle>
</Column>
<Column name="JC_DISCOUNT_TYPE" id="55F89276-8463-BFC4-A4B1-D9B602250D80">
<createdBy>cj</createdBy>
<createdTime>2023-11-09 21:14:27 UTC</createdTime>
<ownerDesignName>WOW</ownerDesignName>
<constraintName>CH_INH_JC_DISCOUNT</constraintName>
<useDomainConstraints>false</useDomainConstraints>
<use>1</use>
<logicalDatatype>LOGDT024</logicalDatatype>
<dataTypeSize>1</dataTypeSize>
<listOfValues>
<valueDef value="C" description="entity DISCOUNT_CORP"/>
<valueDef value="I" description="entity DISCOUNT_INDI"/>
</listOfValues>
<ownDataTypeParameters>1,,</ownDataTypeParameters>
<autoIncrementCycle>false</autoIncrementCycle>
<isDiscriminatorColumn>true</isDiscriminatorColumn>
</Column>
</columns>
<indexes itemClass="oracle.dbtools.crest.model.design.relational.Index">
<ind_PK_UK id="5AD814F7-4C55-55EA-73DA-B50ED69D0286" name="JC_DISCOUNT_PK">
<createdBy>cj</createdBy>
<createdTime>2023-11-09 21:14:27 UTC</createdTime>
<generatorID>B97E327E-E3C6-59A6-CE1A-0C39F00BAE76</generatorID>
<ownerDesignName>WOW</ownerDesignName>
<pk>true</pk>
<indexState>Primary Constraint</indexState>
<isSurrogateKey>false</isSurrogateKey>
<indexColumnUsage>
<colUsage columnID="FD05CED0-5A33-00EF-0FBE-4EA6946D6CE7"/>
</indexColumnUsage>
</ind_PK_UK>
</indexes>
</Table>
