<?xml version = '1.0' encoding = 'UTF-8'?>
<Table class="oracle.dbtools.crest.model.design.relational.Table" directorySegmentName="seg_0" id="39AF9BC1-C5F2-F5BF-E04B-DAD174FE1BCB" name="INDIVIDUAL">
<createdBy>cj</createdBy>
<createdTime>2023-11-09 21:14:27 UTC</createdTime>
<generatorID>8092D580-0C07-686B-A975-F20B5A2AF402</generatorID>
<ownerDesignName>WOW</ownerDesignName>
<allowColumnReorder>false</allowColumnReorder>
<existDependencyGenerateInDDl>true</existDependencyGenerateInDDl>
<parsed>true</parsed>
<columns itemClass="oracle.dbtools.crest.model.design.relational.Column">
<Column name="CUST_ID" id="0A760F71-0A75-B101-BAF9-584DD87FBE4C">
<createdBy>cj</createdBy>
<createdTime>2023-11-09 21:14:27 UTC</createdTime>
<generatorID>11144BF7-8309-1511-0BFB-7008151CD636</generatorID>
<ownerDesignName>WOW</ownerDesignName>
<useDomainConstraints>false</useDomainConstraints>
<use>1</use>
<logicalDatatype>LOGDT019</logicalDatatype>
<dataTypePrecision>5</dataTypePrecision>
<ownDataTypeParameters>,,</ownDataTypeParameters>
<autoIncrementCycle>false</autoIncrementCycle>
<associations>
<colAssociation fkAssociation="4146EFED-1AC6-4588-F32A-DA7DE72B625D" referredColumn="930DF10C-06B5-9965-A31C-0C63FCCA3211"/>
</associations>
</Column>
<Column name="DRV_LICENSE_NO" id="A075A347-01C2-CAB1-6EAF-47A0E3D4574F">
<createdBy>cj</createdBy>
<createdTime>2023-11-09 21:14:27 UTC</createdTime>
<generatorID>BF417B7D-C648-A74F-7062-1B8066B16FD6</generatorID>
<ownerDesignName>WOW</ownerDesignName>
<useDomainConstraints>false</useDomainConstraints>
<use>1</use>
<logicalDatatype>LOGDT024</logicalDatatype>
<dataTypeSize>12</dataTypeSize>
<ownDataTypeParameters>12,,</ownDataTypeParameters>
<autoIncrementCycle>false</autoIncrementCycle>
</Column>
<Column name="INS_CMP_NAME" id="D2A1C756-8C7A-ABC6-8CB1-4A4050754BFB">
<createdBy>cj</createdBy>
<createdTime>2023-11-09 21:14:27 UTC</createdTime>
<generatorID>DDCDE95B-FE31-4DE7-5D5A-3E86B1CC1A6E</generatorID>
<ownerDesignName>WOW</ownerDesignName>
<useDomainConstraints>false</useDomainConstraints>
<use>1</use>
<logicalDatatype>LOGDT024</logicalDatatype>
<dataTypeSize>30</dataTypeSize>
<ownDataTypeParameters>30,,</ownDataTypeParameters>
<autoIncrementCycle>false</autoIncrementCycle>
</Column>
<Column name="INS_POL_NO" id="73D4BC84-6589-DB74-1D43-80EB0E6E19DB">
<createdBy>cj</createdBy>
<createdTime>2023-11-09 21:14:27 UTC</createdTime>
<generatorID>7FA9009E-63BC-A8A7-E015-81C705B3FEEC</generatorID>
<ownerDesignName>WOW</ownerDesignName>
<useDomainConstraints>false</useDomainConstraints>
<use>1</use>
<logicalDatatype>LOGDT024</logicalDatatype>
<dataTypeSize>13</dataTypeSize>
<ownDataTypeParameters>13,,</ownDataTypeParameters>
<autoIncrementCycle>false</autoIncrementCycle>
</Column>
</columns>
<indexes itemClass="oracle.dbtools.crest.model.design.relational.Index">
<ind_PK_UK id="1D36603B-6634-B42E-C7C1-3F6620F7260A" name="INDIVIDUAL_PK">
<createdBy>cj</createdBy>
<createdTime>2023-11-09 21:14:27 UTC</createdTime>
<generatorID>76BCCE2C-9758-A950-D531-F5DEBBA45A35</generatorID>
<ownerDesignName>WOW</ownerDesignName>
<pk>true</pk>
<indexState>Primary Constraint</indexState>
<isSurrogateKey>false</isSurrogateKey>
<indexColumnUsage>
<colUsage columnID="0A760F71-0A75-B101-BAF9-584DD87FBE4C"/>
</indexColumnUsage>
</ind_PK_UK>
<ind_PK_UK id="90DB794C-CBE7-C540-68F3-6EE4F3FD9103" name="INDIVIDUAL_PKv1">
<createdBy>cj</createdBy>
<createdTime>2023-11-09 21:14:27 UTC</createdTime>
<generatorID>994111E9-9745-0A72-4336-763DE4BB720C</generatorID>
<ownerDesignName>WOW</ownerDesignName>
<indexState>Unique Constraint</indexState>
<isSurrogateKey>false</isSurrogateKey>
<indexColumnUsage>
<colUsage columnID="A075A347-01C2-CAB1-6EAF-47A0E3D4574F"/>
</indexColumnUsage>
</ind_PK_UK>
<ind_PK_UK id="00469EE1-425A-E81F-47F3-00A858660817" name="INDIVIDUAL_JC_CUSTOMER_FK">
<createdBy>cj</createdBy>
<createdTime>2023-11-09 21:14:27 UTC</createdTime>
<generatorID>EE14FF5D-294B-6715-3719-0F19AAFB7B49</generatorID>
<ownerDesignName>WOW</ownerDesignName>
<indexState>Foreign Key</indexState>
<isSurrogateKey>false</isSurrogateKey>
<indexColumnUsage>
<colUsage columnID="0A760F71-0A75-B101-BAF9-584DD87FBE4C"/>
</indexColumnUsage>
</ind_PK_UK>
</indexes>
</Table>
