<?xml version = '1.0' encoding = 'UTF-8'?>
<Table class="oracle.dbtools.crest.model.design.relational.Table" directorySegmentName="seg_0" id="39DE640A-9DEF-C23F-F6CE-6D43BC0D7F68" name="JC_VEHICLE">
<createdBy>cj</createdBy>
<createdTime>2023-11-09 21:14:27 UTC</createdTime>
<generatorID>7705DD61-FABA-4865-FFCA-5138F810B64D</generatorID>
<ownerDesignName>WOW</ownerDesignName>
<allowColumnReorder>false</allowColumnReorder>
<existDependencyGenerateInDDl>true</existDependencyGenerateInDDl>
<parsed>true</parsed>
<columns itemClass="oracle.dbtools.crest.model.design.relational.Column">
<Column name="VEHICLE_VIN" id="47A4B38D-2AA0-945B-D627-9A10326C6C36">
<createdBy>cj</createdBy>
<createdTime>2023-11-09 21:14:27 UTC</createdTime>
<generatorID>B26582E3-99AD-4F35-9E74-56F9F8239FAC</generatorID>
<ownerDesignName>WOW</ownerDesignName>
<useDomainConstraints>false</useDomainConstraints>
<use>1</use>
<logicalDatatype>LOGDT024</logicalDatatype>
<dataTypeSize>17</dataTypeSize>
<ownDataTypeParameters>17,,</ownDataTypeParameters>
<autoIncrementCycle>false</autoIncrementCycle>
</Column>
<Column name="VEHICLE_MAKE" id="C8F17F97-CA54-7E9E-476F-07A596AE9926">
<createdBy>cj</createdBy>
<createdTime>2023-11-09 21:14:27 UTC</createdTime>
<generatorID>61962C21-5E6A-F059-90F5-D0A2FACB3F42</generatorID>
<ownerDesignName>WOW</ownerDesignName>
<useDomainConstraints>false</useDomainConstraints>
<use>1</use>
<logicalDatatype>LOGDT024</logicalDatatype>
<dataTypeSize>30</dataTypeSize>
<ownDataTypeParameters>30,,</ownDataTypeParameters>
<autoIncrementCycle>false</autoIncrementCycle>
</Column>
<Column name="VEHICLE_MODEL" id="483D051F-6742-1A8A-DC4A-10D452BFC3B6">
<createdBy>cj</createdBy>
<createdTime>2023-11-09 21:14:27 UTC</createdTime>
<generatorID>27E6BC04-B4FD-F265-8D14-9D00A23CE8BC</generatorID>
<ownerDesignName>WOW</ownerDesignName>
<useDomainConstraints>false</useDomainConstraints>
<use>1</use>
<logicalDatatype>LOGDT024</logicalDatatype>
<dataTypeSize>30</dataTypeSize>
<ownDataTypeParameters>30,,</ownDataTypeParameters>
<autoIncrementCycle>false</autoIncrementCycle>
</Column>
<Column name="VEHICLE_YEAR" id="27A1FF39-DD3A-DF79-22CF-51B565205DE8">
<createdBy>cj</createdBy>
<createdTime>2023-11-09 21:14:27 UTC</createdTime>
<generatorID>E239B8D5-098D-3F08-F573-4F4E5E034052</generatorID>
<ownerDesignName>WOW</ownerDesignName>
<useDomainConstraints>false</useDomainConstraints>
<use>1</use>
<logicalDatatype>LOGDT019</logicalDatatype>
<dataTypePrecision>4</dataTypePrecision>
<ownDataTypeParameters>,4,</ownDataTypeParameters>
<autoIncrementCycle>false</autoIncrementCycle>
</Column>
<Column name="LICENSE_PLATE_NO" id="78DCB7A0-B4E8-ECBA-925F-C6B58CC3D103">
<createdBy>cj</createdBy>
<createdTime>2023-11-09 21:14:27 UTC</createdTime>
<generatorID>5046AD2E-6992-E22C-B49D-291297FA45CA</generatorID>
<ownerDesignName>WOW</ownerDesignName>
<useDomainConstraints>false</useDomainConstraints>
<use>1</use>
<logicalDatatype>LOGDT024</logicalDatatype>
<dataTypeSize>8</dataTypeSize>
<ownDataTypeParameters>8,,</ownDataTypeParameters>
<autoIncrementCycle>false</autoIncrementCycle>
</Column>
<Column name="LOC_ID" id="50AC24DA-FBF0-6E9B-33DE-318A35FEF054">
<createdBy>cj</createdBy>
<createdTime>2023-11-09 21:14:27 UTC</createdTime>
<generatorID>D659DE19-2F87-92BE-ABBE-F1FB8C9E8A0E</generatorID>
<ownerDesignName>WOW</ownerDesignName>
<useDomainConstraints>false</useDomainConstraints>
<use>1</use>
<logicalDatatype>LOGDT019</logicalDatatype>
<dataTypePrecision>4</dataTypePrecision>
<ownDataTypeParameters>,,</ownDataTypeParameters>
<previousColumn>false</previousColumn>
<autoIncrementCycle>false</autoIncrementCycle>
<associations>
<colAssociation fkAssociation="4419C59B-17EE-6CFC-4094-53ED6A1D13F0" referredColumn="A7EDF89B-9BAD-AE6C-0DEA-E6CE20E010A3"/>
</associations>
</Column>
<Column name="VEHICLE_ID" id="ED923A7A-5E75-3294-AA3E-89B4B3F173FF">
<createdBy>cj</createdBy>
<createdTime>2023-11-09 21:14:27 UTC</createdTime>
<generatorID>E52290C0-2E10-BCDF-C965-ED19F7041E58</generatorID>
<ownerDesignName>WOW</ownerDesignName>
<useDomainConstraints>false</useDomainConstraints>
<use>1</use>
<logicalDatatype>LOGDT019</logicalDatatype>
<dataTypePrecision>5</dataTypePrecision>
<ownDataTypeParameters>,,</ownDataTypeParameters>
<previousColumn>false</previousColumn>
<autoIncrementCycle>false</autoIncrementCycle>
<associations>
<colAssociation fkAssociation="ABB71F90-1328-0E90-47B3-C1C3122F1C0D" referredColumn="2ECDD889-643D-F2EA-F4E8-4728F303411B"/>
</associations>
</Column>
</columns>
<indexes itemClass="oracle.dbtools.crest.model.design.relational.Index">
<ind_PK_UK id="702C4513-1B3B-71FD-12E4-E9A6C46D11FA" name="JC_VEHICLE_PK">
<createdBy>cj</createdBy>
<createdTime>2023-11-09 21:14:27 UTC</createdTime>
<generatorID>EF32D541-60C2-897E-3BB6-089487FBCEB1</generatorID>
<ownerDesignName>WOW</ownerDesignName>
<pk>true</pk>
<indexState>Primary Constraint</indexState>
<isSurrogateKey>false</isSurrogateKey>
<indexColumnUsage>
<colUsage columnID="47A4B38D-2AA0-945B-D627-9A10326C6C36"/>
</indexColumnUsage>
</ind_PK_UK>
<ind_PK_UK id="4F8B1715-6DA4-0F04-C2C3-C83722265297" name="JC_VEHICLE_JC_LOC_FK">
<createdBy>cj</createdBy>
<createdTime>2023-11-09 21:14:27 UTC</createdTime>
<generatorID>AEF982C3-DD27-45D3-4BDD-A3D1E6C6AE39</generatorID>
<ownerDesignName>WOW</ownerDesignName>
<indexState>Foreign Key</indexState>
<isSurrogateKey>false</isSurrogateKey>
<indexColumnUsage>
<colUsage columnID="50AC24DA-FBF0-6E9B-33DE-318A35FEF054"/>
</indexColumnUsage>
</ind_PK_UK>
<ind_PK_UK id="437F7694-EAE5-DFAA-B69A-50CB6B237F4D" name="JC_VEHICLE_JC_VEHICLE_CLASS_FK">
<createdBy>cj</createdBy>
<createdTime>2023-11-09 21:14:27 UTC</createdTime>
<generatorID>80FEA0A6-A33C-15C2-E9E4-CC4EF50418C3</generatorID>
<ownerDesignName>WOW</ownerDesignName>
<indexState>Foreign Key</indexState>
<isSurrogateKey>false</isSurrogateKey>
<indexColumnUsage>
<colUsage columnID="ED923A7A-5E75-3294-AA3E-89B4B3F173FF"/>
</indexColumnUsage>
</ind_PK_UK>
</indexes>
</Table>
