<?xml version = '1.0' encoding = 'UTF-8'?>
<Table class="oracle.dbtools.crest.model.design.relational.Table" directorySegmentName="seg_0" id="79872DA6-B347-A8F2-3A94-60FD1A825240" name="DISCOUNT_INDI">
<createdBy>cj</createdBy>
<createdTime>2023-11-09 21:14:27 UTC</createdTime>
<generatorID>B35290D9-928B-C6BF-781E-E190A08A3405</generatorID>
<ownerDesignName>WOW</ownerDesignName>
<allowColumnReorder>false</allowColumnReorder>
<existDependencyGenerateInDDl>true</existDependencyGenerateInDDl>
<parsed>true</parsed>
<columns itemClass="oracle.dbtools.crest.model.design.relational.Column">
<Column name="DISCOUNT_ID" id="A14F2112-9BA8-5400-ABF7-87D852F5AE68">
<createdBy>cj</createdBy>
<createdTime>2023-11-09 21:14:27 UTC</createdTime>
<generatorID>240B3FC1-E799-1DE0-889E-B386EE9E3791</generatorID>
<ownerDesignName>WOW</ownerDesignName>
<useDomainConstraints>false</useDomainConstraints>
<use>1</use>
<logicalDatatype>LOGDT019</logicalDatatype>
<dataTypePrecision>5</dataTypePrecision>
<ownDataTypeParameters>,,</ownDataTypeParameters>
<autoIncrementCycle>false</autoIncrementCycle>
<associations>
<colAssociation fkAssociation="75A526BF-8353-56AE-C708-6E2B7AC8CFA6" referredColumn="FD05CED0-5A33-00EF-0FBE-4EA6946D6CE7"/>
</associations>
</Column>
<Column name="DISC_PERC" id="78842D93-392E-F4B2-9BCC-2BD0C3B29475">
<createdBy>cj</createdBy>
<createdTime>2023-11-09 21:14:27 UTC</createdTime>
<generatorID>EDBB0962-8BCB-1AC0-548C-FA9459A7040F</generatorID>
<ownerDesignName>WOW</ownerDesignName>
<useDomainConstraints>false</useDomainConstraints>
<use>1</use>
<logicalDatatype>LOGDT019</logicalDatatype>
<dataTypePrecision>5</dataTypePrecision>
<dataTypeScale>2</dataTypeScale>
<ownDataTypeParameters>,5,2</ownDataTypeParameters>
<autoIncrementCycle>false</autoIncrementCycle>
</Column>
<Column name="START_DATE" id="1FBA6355-3598-C300-3D14-2F99CE432F96">
<createdBy>cj</createdBy>
<createdTime>2023-11-09 21:14:27 UTC</createdTime>
<generatorID>95DAA093-9F31-38DC-D27F-50A77DCC6CE0</generatorID>
<ownerDesignName>WOW</ownerDesignName>
<useDomainConstraints>false</useDomainConstraints>
<use>1</use>
<logicalDatatype>LOGDT007</logicalDatatype>
<ownDataTypeParameters>,,</ownDataTypeParameters>
<autoIncrementCycle>false</autoIncrementCycle>
</Column>
<Column name="END_DATE" id="1342CE3F-0B62-C997-BA2E-842719960CA5">
<createdBy>cj</createdBy>
<createdTime>2023-11-09 21:14:27 UTC</createdTime>
<generatorID>7B41FF7C-A2DA-3FAA-75AE-CD2B0B9149C9</generatorID>
<ownerDesignName>WOW</ownerDesignName>
<useDomainConstraints>false</useDomainConstraints>
<use>1</use>
<logicalDatatype>LOGDT007</logicalDatatype>
<ownDataTypeParameters>,,</ownDataTypeParameters>
<autoIncrementCycle>false</autoIncrementCycle>
</Column>
</columns>
<indexes itemClass="oracle.dbtools.crest.model.design.relational.Index">
<ind_PK_UK id="90060319-1C1C-759D-485D-7135C44C0CB3" name="DISCOUNT_INDI_PK">
<createdBy>cj</createdBy>
<createdTime>2023-11-09 21:14:27 UTC</createdTime>
<generatorID>B97E327E-E3C6-59A6-CE1A-0C39F00BAE76</generatorID>
<ownerDesignName>WOW</ownerDesignName>
<pk>true</pk>
<indexState>Primary Constraint</indexState>
<isSurrogateKey>false</isSurrogateKey>
<indexColumnUsage>
<colUsage columnID="A14F2112-9BA8-5400-ABF7-87D852F5AE68"/>
</indexColumnUsage>
</ind_PK_UK>
<ind_PK_UK id="AEC549A8-22E0-AF64-096B-C049F53099D7" name="DISCOUNT_INDI_JC_DISCOUNT_FK">
<createdBy>cj</createdBy>
<createdTime>2023-11-09 21:14:27 UTC</createdTime>
<generatorID>902C9452-D489-EB25-C9A6-CD3E880B13A4</generatorID>
<ownerDesignName>WOW</ownerDesignName>
<indexState>Foreign Key</indexState>
<isSurrogateKey>false</isSurrogateKey>
<indexColumnUsage>
<colUsage columnID="A14F2112-9BA8-5400-ABF7-87D852F5AE68"/>
</indexColumnUsage>
</ind_PK_UK>
</indexes>
</Table>
