<?xml version = '1.0' encoding = 'UTF-8'?>
<Table class="oracle.dbtools.crest.model.design.relational.Table" directorySegmentName="seg_0" id="B82FEE69-F24B-2866-11F4-0BAD56C0DAB8" name="JC_CARD_TYPE">
<createdBy>cj</createdBy>
<createdTime>2023-11-09 21:14:27 UTC</createdTime>
<generatorID>03DD719F-1699-F386-EFD6-9A155049525F</generatorID>
<ownerDesignName>WOW</ownerDesignName>
<allowColumnReorder>false</allowColumnReorder>
<existDependencyGenerateInDDl>true</existDependencyGenerateInDDl>
<parsed>true</parsed>
<columns itemClass="oracle.dbtools.crest.model.design.relational.Column">
<Column name="CARD_TYPE_ID" id="91467E1A-D793-7BC0-5076-33C87DD54C9E">
<createdBy>cj</createdBy>
<createdTime>2023-11-09 21:14:27 UTC</createdTime>
<generatorID>7E6E1B58-B623-547D-E900-DA6C76C62689</generatorID>
<ownerDesignName>WOW</ownerDesignName>
<useDomainConstraints>false</useDomainConstraints>
<use>1</use>
<logicalDatatype>LOGDT019</logicalDatatype>
<dataTypePrecision>5</dataTypePrecision>
<ownDataTypeParameters>,5,</ownDataTypeParameters>
<autoIncrementCycle>false</autoIncrementCycle>
</Column>
<Column name="TYPE_NAME" id="00D3CDF3-4E8C-9098-0551-047F1D6A1DD5">
<createdBy>cj</createdBy>
<createdTime>2023-11-09 21:14:27 UTC</createdTime>
<generatorID>15811135-0F8D-3BB2-BA0F-C0A93D79508B</generatorID>
<ownerDesignName>WOW</ownerDesignName>
<useDomainConstraints>false</useDomainConstraints>
<use>1</use>
<logicalDatatype>LOGDT024</logicalDatatype>
<dataTypeSize>30</dataTypeSize>
<ownDataTypeParameters>30,,</ownDataTypeParameters>
<autoIncrementCycle>false</autoIncrementCycle>
</Column>
</columns>
<indexes itemClass="oracle.dbtools.crest.model.design.relational.Index">
<ind_PK_UK id="21006C78-572D-8BFA-E4B4-14A6EA21A1DB" name="JC_CARD_TYPE_PK">
<createdBy>cj</createdBy>
<createdTime>2023-11-09 21:14:27 UTC</createdTime>
<generatorID>4A9C4E83-5FB6-6EBD-43CB-51C302365D94</generatorID>
<ownerDesignName>WOW</ownerDesignName>
<pk>true</pk>
<indexState>Primary Constraint</indexState>
<isSurrogateKey>false</isSurrogateKey>
<indexColumnUsage>
<colUsage columnID="91467E1A-D793-7BC0-5076-33C87DD54C9E"/>
</indexColumnUsage>
</ind_PK_UK>
</indexes>
</Table>
