<?xml version = '1.0' encoding = 'UTF-8'?>
<Table class="oracle.dbtools.crest.model.design.relational.Table" directorySegmentName="seg_0" id="C3700A78-A229-4180-3293-7A00B3AE8FF8" name="DISCOUNT_CORP">
<createdBy>cj</createdBy>
<createdTime>2023-11-09 21:14:27 UTC</createdTime>
<generatorID>28305265-E3CF-773D-ABC3-35487A516792</generatorID>
<ownerDesignName>WOW</ownerDesignName>
<allowColumnReorder>false</allowColumnReorder>
<existDependencyGenerateInDDl>true</existDependencyGenerateInDDl>
<parsed>true</parsed>
<columns itemClass="oracle.dbtools.crest.model.design.relational.Column">
<Column name="DISCOUNT_ID" id="3DC6E9A0-8B31-EE19-EF89-A5C0091CFA00">
<createdBy>cj</createdBy>
<createdTime>2023-11-09 21:14:27 UTC</createdTime>
<generatorID>240B3FC1-E799-1DE0-889E-B386EE9E3791</generatorID>
<ownerDesignName>WOW</ownerDesignName>
<useDomainConstraints>false</useDomainConstraints>
<use>1</use>
<logicalDatatype>LOGDT019</logicalDatatype>
<dataTypePrecision>5</dataTypePrecision>
<ownDataTypeParameters>,,</ownDataTypeParameters>
<autoIncrementCycle>false</autoIncrementCycle>
<associations>
<colAssociation fkAssociation="F922EDD1-A65F-9DA4-7A57-7923E008C48C" referredColumn="FD05CED0-5A33-00EF-0FBE-4EA6946D6CE7"/>
</associations>
</Column>
<Column name="DISC_PERC" id="AD426BE2-6F95-ADEA-E78C-9F9624791B24">
<createdBy>cj</createdBy>
<createdTime>2023-11-09 21:14:27 UTC</createdTime>
<generatorID>955B2AC1-17CB-AFAF-46D7-845CBF7127CD</generatorID>
<ownerDesignName>WOW</ownerDesignName>
<useDomainConstraints>false</useDomainConstraints>
<use>1</use>
<logicalDatatype>LOGDT019</logicalDatatype>
<dataTypePrecision>5</dataTypePrecision>
<dataTypeScale>2</dataTypeScale>
<ownDataTypeParameters>,5,2</ownDataTypeParameters>
<autoIncrementCycle>false</autoIncrementCycle>
</Column>
<Column name="CORP_NAME" id="BDFB2AA8-108E-FA08-8B65-3EE8C18725AF">
<createdBy>cj</createdBy>
<createdTime>2023-11-09 21:14:27 UTC</createdTime>
<generatorID>D70E5558-3F1E-D2C3-DA53-619E7E709DEC</generatorID>
<ownerDesignName>WOW</ownerDesignName>
<useDomainConstraints>false</useDomainConstraints>
<use>1</use>
<logicalDatatype>LOGDT024</logicalDatatype>
<dataTypeSize>30</dataTypeSize>
<ownDataTypeParameters>30,,</ownDataTypeParameters>
<autoIncrementCycle>false</autoIncrementCycle>
</Column>
</columns>
<indexes itemClass="oracle.dbtools.crest.model.design.relational.Index">
<ind_PK_UK id="AF3EC50C-7E75-6078-AE10-59EA11199A2B" name="DISCOUNT_CORP_PK">
<createdBy>cj</createdBy>
<createdTime>2023-11-09 21:14:27 UTC</createdTime>
<generatorID>B97E327E-E3C6-59A6-CE1A-0C39F00BAE76</generatorID>
<ownerDesignName>WOW</ownerDesignName>
<pk>true</pk>
<indexState>Primary Constraint</indexState>
<isSurrogateKey>false</isSurrogateKey>
<indexColumnUsage>
<colUsage columnID="3DC6E9A0-8B31-EE19-EF89-A5C0091CFA00"/>
</indexColumnUsage>
</ind_PK_UK>
<ind_PK_UK id="358332E9-440D-E011-F332-D689A8DD3C0F" name="DISCOUNT_CORP_JC_DISCOUNT_FK">
<createdBy>cj</createdBy>
<createdTime>2023-11-09 21:14:27 UTC</createdTime>
<generatorID>CF3F6158-79D3-43C5-3A5C-14EA962585EE</generatorID>
<ownerDesignName>WOW</ownerDesignName>
<indexState>Foreign Key</indexState>
<isSurrogateKey>false</isSurrogateKey>
<indexColumnUsage>
<colUsage columnID="3DC6E9A0-8B31-EE19-EF89-A5C0091CFA00"/>
</indexColumnUsage>
</ind_PK_UK>
</indexes>
</Table>
