<?xml version = '1.0' encoding = 'UTF-8'?>
<Table class="oracle.dbtools.crest.model.design.relational.Table" directorySegmentName="seg_0" id="D19A6AF7-3897-3EC1-5CE1-7F35C44DBC50" name="JC_SERVICE">
<createdBy>cj</createdBy>
<createdTime>2023-11-09 21:14:27 UTC</createdTime>
<generatorID>1C63DC69-67EE-82F4-0AB5-E3E37BAE1A0C</generatorID>
<ownerDesignName>WOW</ownerDesignName>
<allowColumnReorder>false</allowColumnReorder>
<existDependencyGenerateInDDl>true</existDependencyGenerateInDDl>
<parsed>true</parsed>
<columns itemClass="oracle.dbtools.crest.model.design.relational.Column">
<Column name="SERVICE_ID" id="2A991E7B-D40D-A312-49CA-BC0C8573FE52">
<createdBy>cj</createdBy>
<createdTime>2023-11-09 21:14:27 UTC</createdTime>
<generatorID>CF7FA584-08FA-BB85-CF05-28782E2BF9AD</generatorID>
<ownerDesignName>WOW</ownerDesignName>
<useDomainConstraints>false</useDomainConstraints>
<use>1</use>
<logicalDatatype>LOGDT019</logicalDatatype>
<dataTypePrecision>5</dataTypePrecision>
<ownDataTypeParameters>,5,</ownDataTypeParameters>
<autoIncrementCycle>false</autoIncrementCycle>
</Column>
<Column name="PICKUP_DATE" id="F1EF223A-C71B-2AD1-8F0F-5D3CD710D181">
<createdBy>cj</createdBy>
<createdTime>2023-11-09 21:14:27 UTC</createdTime>
<generatorID>32774BEE-3E78-5555-32D6-DB5E85D09529</generatorID>
<ownerDesignName>WOW</ownerDesignName>
<useDomainConstraints>false</useDomainConstraints>
<use>1</use>
<logicalDatatype>LOGDT007</logicalDatatype>
<ownDataTypeParameters>,,</ownDataTypeParameters>
<autoIncrementCycle>false</autoIncrementCycle>
</Column>
<Column name="DROPOFF_DATE" id="7BCE39B5-4D5D-F14A-C36B-839082F2B6B5">
<createdBy>cj</createdBy>
<createdTime>2023-11-09 21:14:27 UTC</createdTime>
<generatorID>37A6247D-B37F-1D3A-7676-2C57F8A7D1C3</generatorID>
<ownerDesignName>WOW</ownerDesignName>
<useDomainConstraints>false</useDomainConstraints>
<use>1</use>
<logicalDatatype>LOGDT007</logicalDatatype>
<ownDataTypeParameters>,,</ownDataTypeParameters>
<autoIncrementCycle>false</autoIncrementCycle>
</Column>
<Column name="START_ODO" id="EA4F9413-1F2C-213C-51CF-2F672003D8D2">
<createdBy>cj</createdBy>
<createdTime>2023-11-09 21:14:27 UTC</createdTime>
<generatorID>71CFA4F8-9E06-D48A-E9BE-571F6337F909</generatorID>
<ownerDesignName>WOW</ownerDesignName>
<useDomainConstraints>false</useDomainConstraints>
<use>1</use>
<logicalDatatype>LOGDT019</logicalDatatype>
<dataTypePrecision>6</dataTypePrecision>
<ownDataTypeParameters>,6,</ownDataTypeParameters>
<autoIncrementCycle>false</autoIncrementCycle>
</Column>
<Column name="END_ODO" id="E257A629-63A7-7A30-57F4-F7FB0F30BDF0">
<createdBy>cj</createdBy>
<createdTime>2023-11-09 21:14:27 UTC</createdTime>
<generatorID>7D94F660-B5D4-0F56-D40E-124E3708D773</generatorID>
<ownerDesignName>WOW</ownerDesignName>
<useDomainConstraints>false</useDomainConstraints>
<use>1</use>
<logicalDatatype>LOGDT019</logicalDatatype>
<dataTypePrecision>6</dataTypePrecision>
<ownDataTypeParameters>,6,</ownDataTypeParameters>
<autoIncrementCycle>false</autoIncrementCycle>
</Column>
<Column name="PICKUP_LOC" id="B42BC94F-854A-5D18-CD58-2B01F7CD26D5">
<createdBy>cj</createdBy>
<createdTime>2023-11-09 21:14:27 UTC</createdTime>
<generatorID>65CE7F92-37C6-270D-DE65-2671E0724479</generatorID>
<ownerDesignName>WOW</ownerDesignName>
<useDomainConstraints>false</useDomainConstraints>
<use>1</use>
<logicalDatatype>LOGDT019</logicalDatatype>
<dataTypePrecision>4</dataTypePrecision>
<ownDataTypeParameters>,,</ownDataTypeParameters>
<previousColumn>false</previousColumn>
<autoIncrementCycle>false</autoIncrementCycle>
<associations>
<colAssociation fkAssociation="CC81A688-3A50-8791-8A7C-E510C3164A4C" referredColumn="A7EDF89B-9BAD-AE6C-0DEA-E6CE20E010A3"/>
</associations>
</Column>
<Column name="DROPOFF_LOC" id="109963A5-E783-FE62-5C43-73FEE29B1849">
<createdBy>cj</createdBy>
<createdTime>2023-11-09 21:14:27 UTC</createdTime>
<generatorID>FF6063D9-1CE3-5156-A6C4-264B344C2B80</generatorID>
<ownerDesignName>WOW</ownerDesignName>
<useDomainConstraints>false</useDomainConstraints>
<use>1</use>
<logicalDatatype>LOGDT019</logicalDatatype>
<dataTypePrecision>4</dataTypePrecision>
<ownDataTypeParameters>,,</ownDataTypeParameters>
<previousColumn>false</previousColumn>
<autoIncrementCycle>false</autoIncrementCycle>
<associations>
<colAssociation fkAssociation="E2000C15-350D-1EE0-DB4E-7665E7259C5B" referredColumn="A7EDF89B-9BAD-AE6C-0DEA-E6CE20E010A3"/>
</associations>
</Column>
<Column name="DISCOUNT_ID" id="544A22DF-1F06-D209-F933-0ABC23E6C819">
<createdBy>cj</createdBy>
<createdTime>2023-11-09 21:14:27 UTC</createdTime>
<generatorID>BBF05858-1954-EDC7-583E-AD5090AC8896</generatorID>
<ownerDesignName>WOW</ownerDesignName>
<useDomainConstraints>false</useDomainConstraints>
<use>1</use>
<logicalDatatype>LOGDT019</logicalDatatype>
<dataTypePrecision>5</dataTypePrecision>
<ownDataTypeParameters>,,</ownDataTypeParameters>
<previousColumn>false</previousColumn>
<autoIncrementCycle>false</autoIncrementCycle>
<associations>
<colAssociation fkAssociation="AA7A2532-9552-DC42-4176-5225BC47F9FC" referredColumn="FD05CED0-5A33-00EF-0FBE-4EA6946D6CE7"/>
</associations>
</Column>
</columns>
<indexes itemClass="oracle.dbtools.crest.model.design.relational.Index">
<ind_PK_UK id="2B6E0747-5912-BE6D-60DA-FC5CD0983E81" name="JC_RENT_SERVICE_PK">
<createdBy>cj</createdBy>
<createdTime>2023-11-09 21:14:27 UTC</createdTime>
<generatorID>73E179C0-3BA7-DE17-3FFC-BE84B4079D27</generatorID>
<ownerDesignName>WOW</ownerDesignName>
<pk>true</pk>
<indexState>Primary Constraint</indexState>
<isSurrogateKey>false</isSurrogateKey>
<indexColumnUsage>
<colUsage columnID="2A991E7B-D40D-A312-49CA-BC0C8573FE52"/>
</indexColumnUsage>
</ind_PK_UK>
<ind_PK_UK id="0DF1624B-95D9-4DD9-08A1-45A1BDBE5635" name="JC_RENT_SERVICE__IDX">
<createdBy>cj</createdBy>
<createdTime>2023-11-09 21:14:27 UTC</createdTime>
<ownerDesignName>WOW</ownerDesignName>
<indexState>Unique Plain Index</indexState>
<isSurrogateKey>false</isSurrogateKey>
<relationGeneratorID>7D2F7D15-AC01-00C7-9DC4-3C5DD04516E7</relationGeneratorID>
<indexColumnUsage>
<colUsage columnID="544A22DF-1F06-D209-F933-0ABC23E6C819"/>
</indexColumnUsage>
</ind_PK_UK>
<ind_PK_UK id="9FDE74B2-1A87-A22A-3DFA-9EC62FE3EE85" name="JC_SERVICE_JC_LOC_FK">
<createdBy>cj</createdBy>
<createdTime>2023-11-09 21:14:27 UTC</createdTime>
<generatorID>A44552CD-0664-31D1-A967-F1791927D9F5</generatorID>
<ownerDesignName>WOW</ownerDesignName>
<indexState>Foreign Key</indexState>
<isSurrogateKey>false</isSurrogateKey>
<indexColumnUsage>
<colUsage columnID="B42BC94F-854A-5D18-CD58-2B01F7CD26D5"/>
</indexColumnUsage>
</ind_PK_UK>
<ind_PK_UK id="E5FCA15B-D4D5-A092-E7AE-8E65EA316676" name="JC_SERVICE_JC_LOC_FKv1">
<createdBy>cj</createdBy>
<createdTime>2023-11-09 21:14:27 UTC</createdTime>
<generatorID>2530F2D5-1422-CFFE-6695-9739C7045122</generatorID>
<ownerDesignName>WOW</ownerDesignName>
<indexState>Foreign Key</indexState>
<isSurrogateKey>false</isSurrogateKey>
<indexColumnUsage>
<colUsage columnID="109963A5-E783-FE62-5C43-73FEE29B1849"/>
</indexColumnUsage>
</ind_PK_UK>
<ind_PK_UK id="3C14E794-D3C6-F890-99D5-3EEABFC51270" name="JC_SERVICE_JC_DISCOUNT_FK">
<createdBy>cj</createdBy>
<createdTime>2023-11-09 21:37:39 UTC</createdTime>
<generatorID>7D2F7D15-AC01-00C7-9DC4-3C5DD04516E7</generatorID>
<ownerDesignName>WOW</ownerDesignName>
<indexState>Foreign Key</indexState>
<isSurrogateKey>false</isSurrogateKey>
<indexColumnUsage>
<colUsage columnID="544A22DF-1F06-D209-F933-0ABC23E6C819"/>
</indexColumnUsage>
</ind_PK_UK>
</indexes>
</Table>
