<?xml version = '1.0' encoding = 'UTF-8'?>
<Table class="oracle.dbtools.crest.model.design.relational.Table" directorySegmentName="seg_0" id="F5790E08-9826-5579-A2E2-68AD9AFD0CBE" name="JC_PAYMENT">
<createdBy>cj</createdBy>
<createdTime>2023-11-09 21:14:27 UTC</createdTime>
<generatorID>2FA125A8-E88A-5FAE-8D72-EDB0828E1EEF</generatorID>
<ownerDesignName>WOW</ownerDesignName>
<allowColumnReorder>false</allowColumnReorder>
<existDependencyGenerateInDDl>true</existDependencyGenerateInDDl>
<parsed>true</parsed>
<columns itemClass="oracle.dbtools.crest.model.design.relational.Column">
<Column name="PAYMENT_ID" id="EFC3756E-FFF9-3C04-0739-4F9C148F9A2A">
<createdBy>cj</createdBy>
<createdTime>2023-11-09 21:14:27 UTC</createdTime>
<generatorID>ADEB3E87-B213-AC41-AEFC-E5A9F96C8AED</generatorID>
<ownerDesignName>WOW</ownerDesignName>
<useDomainConstraints>false</useDomainConstraints>
<use>1</use>
<logicalDatatype>LOGDT019</logicalDatatype>
<dataTypePrecision>5</dataTypePrecision>
<ownDataTypeParameters>,5,</ownDataTypeParameters>
<autoIncrementCycle>false</autoIncrementCycle>
</Column>
<Column name="PAYMENT_DATE" id="C60F1E6D-8F5D-29FB-8C11-C43C46ACDA44">
<createdBy>cj</createdBy>
<createdTime>2023-11-09 21:14:27 UTC</createdTime>
<generatorID>E1AF45BC-80ED-C678-1463-48F17B358559</generatorID>
<ownerDesignName>WOW</ownerDesignName>
<useDomainConstraints>false</useDomainConstraints>
<use>1</use>
<logicalDatatype>LOGDT007</logicalDatatype>
<ownDataTypeParameters>,,</ownDataTypeParameters>
<autoIncrementCycle>false</autoIncrementCycle>
</Column>
<Column name="CARD_NO" id="7CE7CEE2-A928-E35C-44E2-720805DF8D00">
<createdBy>cj</createdBy>
<createdTime>2023-11-09 21:14:27 UTC</createdTime>
<generatorID>F1A75716-4A59-6F8B-51BA-778A8947AA9B</generatorID>
<ownerDesignName>WOW</ownerDesignName>
<useDomainConstraints>false</useDomainConstraints>
<use>1</use>
<logicalDatatype>LOGDT019</logicalDatatype>
<dataTypePrecision>16</dataTypePrecision>
<ownDataTypeParameters>,16,</ownDataTypeParameters>
<autoIncrementCycle>false</autoIncrementCycle>
</Column>
<Column name="INVOICE_ID" id="8BB2AB5A-101C-7C2E-995C-26E07D8A40B4">
<createdBy>cj</createdBy>
<createdTime>2023-11-09 21:14:27 UTC</createdTime>
<generatorID>6BF6E4BC-34D1-5190-89A0-9BD604FEDEA7</generatorID>
<ownerDesignName>WOW</ownerDesignName>
<useDomainConstraints>false</useDomainConstraints>
<use>1</use>
<logicalDatatype>LOGDT019</logicalDatatype>
<dataTypePrecision>5</dataTypePrecision>
<ownDataTypeParameters>,,</ownDataTypeParameters>
<previousColumn>false</previousColumn>
<autoIncrementCycle>false</autoIncrementCycle>
<associations>
<colAssociation fkAssociation="34221B07-39B0-E3EF-85E8-53EDE478F34F" referredColumn="1E744A2A-3EC3-AA06-A2FD-0C682C305688"/>
</associations>
</Column>
<Column name="CARD_TYPE_ID" id="71FB3B5B-A7F9-E287-7C8C-936F86D58A6C">
<createdBy>cj</createdBy>
<createdTime>2023-11-09 21:14:27 UTC</createdTime>
<generatorID>9FCA7496-F86D-5EAD-EB34-B7C6CFA40C11</generatorID>
<ownerDesignName>WOW</ownerDesignName>
<useDomainConstraints>false</useDomainConstraints>
<use>1</use>
<logicalDatatype>LOGDT019</logicalDatatype>
<dataTypePrecision>5</dataTypePrecision>
<ownDataTypeParameters>,,</ownDataTypeParameters>
<previousColumn>false</previousColumn>
<autoIncrementCycle>false</autoIncrementCycle>
<associations>
<colAssociation fkAssociation="DCE986B0-402E-0C0C-4C97-401610E82BB0" referredColumn="91467E1A-D793-7BC0-5076-33C87DD54C9E"/>
</associations>
</Column>
</columns>
<indexes itemClass="oracle.dbtools.crest.model.design.relational.Index">
<ind_PK_UK id="7AB9A70E-30F3-95A7-8687-80E3FBD8BC20" name="JC_PAYMENT_PK">
<createdBy>cj</createdBy>
<createdTime>2023-11-09 21:14:27 UTC</createdTime>
<generatorID>7FC45F5D-5947-D30E-660D-D83E5C1D376B</generatorID>
<ownerDesignName>WOW</ownerDesignName>
<pk>true</pk>
<indexState>Primary Constraint</indexState>
<isSurrogateKey>false</isSurrogateKey>
<indexColumnUsage>
<colUsage columnID="EFC3756E-FFF9-3C04-0739-4F9C148F9A2A"/>
</indexColumnUsage>
</ind_PK_UK>
<ind_PK_UK id="0561000B-D192-429A-0BA9-53F7AA285BA1" name="JC_PAYMENT_JC_INVOICE_FK">
<createdBy>cj</createdBy>
<createdTime>2023-11-09 21:14:27 UTC</createdTime>
<generatorID>93F9E63C-8AB6-25BD-1545-00D07E406CC5</generatorID>
<ownerDesignName>WOW</ownerDesignName>
<indexState>Foreign Key</indexState>
<isSurrogateKey>false</isSurrogateKey>
<indexColumnUsage>
<colUsage columnID="8BB2AB5A-101C-7C2E-995C-26E07D8A40B4"/>
</indexColumnUsage>
</ind_PK_UK>
<ind_PK_UK id="20178A60-A319-7574-F89E-185DF9EAD3C3" name="JC_PAYMENT_JC_CARD_TYPE_FK">
<createdBy>cj</createdBy>
<createdTime>2023-11-09 21:14:27 UTC</createdTime>
<generatorID>19C8C145-7E43-70F8-6A87-F03BF7F9A422</generatorID>
<ownerDesignName>WOW</ownerDesignName>
<indexState>Foreign Key</indexState>
<isSurrogateKey>false</isSurrogateKey>
<indexColumnUsage>
<colUsage columnID="71FB3B5B-A7F9-E287-7C8C-936F86D58A6C"/>
</indexColumnUsage>
</ind_PK_UK>
</indexes>
</Table>
