<?xml version = '1.0' encoding = 'UTF-8'?>
<Relation class="oracle.dbtools.crest.model.design.logical.Relation" name="Relation_7" directorySegmentName="seg_0" id="93F9E63C-8AB6-25BD-1545-00D07E406CC5">
<createdBy>cj</createdBy>
<createdTime>2023-11-09 20:54:59 UTC</createdTime>
<ownerDesignName>WOW</ownerDesignName>
<engineerTo>
<item key="08090BE4-B1A1-F67B-C30F-A2BF83219429" value="true"/>
</engineerTo>
<sourcePk>9172B479-C87B-E3CA-8704-36F2029C303D</sourcePk>
<identifying>false</identifying>
<optionalSource>false</optionalSource>
<optionalTarget>false</optionalTarget>
<sourceCardinality>1</sourceCardinality>
<sourceEntity>64D83D36-8B97-3C9E-3FC0-9FA9AD349B90</sourceEntity>
<targetCardinalityString>*</targetCardinalityString>
<targetEntity>2FA125A8-E88A-5FAE-8D72-EDB0828E1EEF</targetEntity>
<transferable>true</transferable>
<deleteRule>NO ACTION</deleteRule>
</Relation>
